CASENUM,VEH_NO,TRAILER_NO,VehicleDescriptor,VINDecodedOn,VINDecodeError,VehicleTypeId,VehicleType,ManufacturerFullNameId,ManufacturerFullName,MakeId,Make,ModelId,Model,ModelYear,Series,Trim,PlantCountryId,PlantCountry,PlantState,PlantCity,PlantCompanyName,Note,BodyClassId,BodyClass,GrossVehicleWeightRatingFromId,GrossVehicleWeightRatingFrom,GrossVehicleWeightRatingToId,GrossVehicleWeightRatingTo,TrailerBodyTypeId,TrailerBodyType,TrailerTypeConnectionId,TrailerTypeConnection,TrailerLengthFT,OtherTrailerInfo,AxlesCount,AxleConfigurationId,AxleConfiguration
201700002829,2,1,1M9SD342*6S567***,2021-12-20 09:03:14,0,6,TRAILER,2429,MONTONE TRAILERS LLC,8319,"MONTONE TRAILERS, LLC",22111,"Montone Trailers, LLC",2006,,,6,UNITED STATES (USA),SOUTH CAROLINA,DILLON,,,61,Trailer,,,,,4,Dump Trailer/Dumping Trailer,4,Straight Semi/Semi Trailer,34.000,,2,,
201700007199,2,1,3H3V532C*GT******,2021-12-20 09:03:14,0,6,TRAILER,14282,"HYUNDAI DE MEXICO, S.A. DE C.V.",4876,HYUNDAI TRANSLEAD TRAILERS,11496,Hyundai Translead Trailers,2016,,,12,MEXICO,BAJA CALIFORNIA,TIJUANA,,,61,Trailer,,,,,36,Van Trailer,,,53.000,Material: Aluminum/Steel,2,,
201700009541,2,1,4P5T6222*H1******,2021-12-20 09:03:14,0,6,TRAILER,16013,"PJ TRAILERS MANUFACTURING, INC.",6060,PJ,28324,PJ,2017,,,6,UNITED STATES (USA),TEXAS,SUMNER,,,61,Trailer,,,,,23,Equipment Trailer,30,Other,22.000,Variable HITCH based on Size/Type of Trailer,2,,
201700012069,2,1,1UYFS253*HA******,2021-12-20 09:03:14,0,6,TRAILER,10289,UTILITY TRAILER MANUFACTURING COMPANY,10138,UTILITY TRAILER MANUFACTURER,26222,Utility Trailer Manufacturer,2017,,,6,UNITED STATES (USA),ALABAMA,ENTERPRISE,,,61,Trailer,,,,,6,Flat Bed Trailer/Platform Trailer,4,Straight Semi/Semi Trailer,53.000,,2,,
201700012120,2,1,1GRAA062*9K******,2021-12-20 09:03:14,0,6,TRAILER,1073,GREAT DANE TRAILERS,520,GREAT DANE TRAILERS,13436,Great Dane Trailers,2009,,,6,UNITED STATES (USA),ILLINOIS,KEWANEE,,Effective 01/01/00,61,Trailer,,,,,36,Van Trailer,4,Straight Semi/Semi Trailer,53.000,Trailer Type = Dry Freight/ Reefer/ Insulated Van,2,,
201700012273,1,1,4WWBGB6B*CN******,2021-12-20 09:03:14,0,6,TRAILER,11681,WILSON TRAILER CO.,3855,WILSON TRAILER CO.,8390,Wilson Trailer Co.,2012,ALUMINUM CROSSBAR - 18 INCH CENTERS (CF-CFD),,6,UNITED STATES (USA),MISSOURI,MOBERLY,Plant 6,,61,Trailer,,,,,6,Flat Bed Trailer/Platform Trailer,,,48.000,Type of Trailer: CENTER FRAME FLATBED (CF) (CFBP),2,,
201700012307,1,1,4FGl5160*4a******,2021-12-20 09:03:14,1,6,TRAILER,13341,"FEATHERLITE TRAILER MANUFACTURING, LLC",997,FEATHERLITE TRAILERS,4226,Featherlite Trailers,2004,,,6,UNITED STATES (USA),MINNESOTA,GRAND MEADOW,,,61,Trailer,,,,,184,Commercial Trailer,,,51.000,Econolite Trailers,6,,
201700012337,1,1,1PT01ACH*R9******,2021-12-20 09:03:14,0,6,TRAILER,3233,TRAILMOBILE (PULLMAN INCORPORATED),6072,TRAILMOBILE,15904,Trailmobile Trailer,1994,Optimum,,6,UNITED STATES (USA),ILLINOIS,CHARLESTON,,,61,Trailer,,,,,,,,,,Straight Frame,,3,Tandem
201700014217,1,1,1JJV281W*7L******,2021-12-20 09:03:14,0,6,TRAILER,14508,WABASH NATIONAL CORPORATION,4847,WABASH NATIONAL CORPORATION,13327,Wabash National Corporation,2007,,,6,UNITED STATES (USA),INDIANA,LAFAYETTE,,,61,Trailer,,,,,36,Van Trailer,,,28.000,,1,,
201700014754,2,1,1GRAA062*CW******,2021-12-20 09:03:14,0,6,TRAILER,1073,GREAT DANE TRAILERS,520,GREAT DANE TRAILERS,13436,Great Dane Trailers,2012,,,6,UNITED STATES (USA),NEBRASKA,WAYNE,,,61,Trailer,,,,,,,4,Straight Semi/Semi Trailer,53.000,Dry Freight Van / Reefer Van / Insulated Van,2,,
201700014836,2,1,1GRAA062*4T******,2021-12-20 09:03:14,1,6,TRAILER,1073,GREAT DANE TRAILERS,520,GREAT DANE TRAILERS,13436,Great Dane Trailers,2004,,,6,UNITED STATES (USA),INDIANA,TERRE HAUTE,,Effective 03/01/00,61,Trailer,,,,,36,Van Trailer,4,Straight Semi/Semi Trailer,53.000,Trailer Type = Dry Freight/ Reefer/ Insulated Van,2,,
201700016522,1,1,1UYVS253*6U******,2021-12-20 09:03:14,0,6,TRAILER,10289,UTILITY TRAILER MANUFACTURING COMPANY,10138,UTILITY TRAILER MANUFACTURER,26222,Utility Trailer Manufacturer,2006,,,6,UNITED STATES (USA),UTAH,CLEARFIELD,,,61,Trailer,,,,,36,Van Trailer,4,Straight Semi/Semi Trailer,53.000,,2,,
201700017797,1,1,1T0BS13S*FS******,2021-12-20 09:03:15,0,6,TRAILER,10836,TRAIL-RITE INC,7392,TRAIL-RITE,29521,Trail-Rite,2015,Standard,,6,UNITED STATES (USA),CALIFORNIA,SANTA ANA,,,61,Trailer,,,,,2,Boat Trailer,,,17.000,Chassis,,5,Single
201700019806,2,1,3H3C532S*5T******,2021-12-20 09:03:15,0,6,TRAILER,14282,"HYUNDAI DE MEXICO, S.A. DE C.V.",4876,HYUNDAI TRANSLEAD TRAILERS,11496,Hyundai Translead Trailers,2005,,,12,MEXICO,BAJA CALIFORNIA,TIJUANA,,,61,Trailer,,,,,109,Container Chassis/Container Trailer,,,53.000,Material: Steel,2,,
201700019844,2,1,1U9SV363*HR078***,2021-12-20 09:03:15,0,6,TRAILER,9397,"UNIVERSAL TRAILERS, INC",8300,UNIVERSAL TRAILERS INC,22087,Universal Trailers Inc,2017,,,6,UNITED STATES (USA),CALIFORNIA,RIVERSIDE,,,61,Trailer,,,,,36,Van Trailer,4,Straight Semi/Semi Trailer,36.000,I Beam Frame,3,,
201700020473,2,1,3H3C412S*XT******,2021-12-20 09:03:15,0,6,TRAILER,14282,"HYUNDAI DE MEXICO, S.A. DE C.V.",4876,HYUNDAI TRANSLEAD TRAILERS,11496,Hyundai Translead Trailers,1999,,,12,MEXICO,BAJA CALIFORNIA,TIJUANA,,,61,Trailer,,,,,109,Container Chassis/Container Trailer,,,41.000,Material: Steel,2,,
201700021498,2,1,1UYVS253*EU******,2021-12-20 09:03:15,0,6,TRAILER,10289,UTILITY TRAILER MANUFACTURING COMPANY,10138,UTILITY TRAILER MANUFACTURER,26222,Utility Trailer Manufacturer,2014,,,6,UNITED STATES (USA),UTAH,CLEARFIELD,,,61,Trailer,,,,,36,Van Trailer,4,Straight Semi/Semi Trailer,53.000,,2,,
201700023023,2,1,13N14830*71******,2021-12-20 09:03:15,0,6,TRAILER,12268,FONTAINE COMMERCIAL PLATFORM,1128,FONTAINE TRAILER CO.,4416,Fontaine Trailer Co.,2007,,,6,UNITED STATES (USA),ALABAMA,HALEYVILLE,,Optional Features: None,61,Trailer,,,,,6,Flat Bed Trailer/Platform Trailer,,,48.000,,3,,
201700024385,2,1,3H3V532C*GT******,2021-12-20 09:03:15,0,6,TRAILER,14282,"HYUNDAI DE MEXICO, S.A. DE C.V.",4876,HYUNDAI TRANSLEAD TRAILERS,11496,Hyundai Translead Trailers,2016,,,12,MEXICO,BAJA CALIFORNIA,TIJUANA,,,61,Trailer,,,,,36,Van Trailer,,,53.000,Material: Aluminum/Steel,2,,
201700026903,1,1,3H3V532C*HT******,2021-12-20 09:03:15,0,6,TRAILER,14282,"HYUNDAI DE MEXICO, S.A. DE C.V.",4876,HYUNDAI TRANSLEAD TRAILERS,11496,Hyundai Translead Trailers,2017,,,12,MEXICO,BAJA CALIFORNIA,TIJUANA,,,61,Trailer,,,,,36,Van Trailer,,,53.000,Material: Aluminum/Steel,2,,
201700029492,2,1,5A4KJ3N1*62******,2021-12-20 09:03:15,0,6,TRAILER,3087,LOAD RITE TRAILERS INC,5343,LOAD RITE,20115,182450EW/182450SW,2006,,,6,UNITED STATES (USA),PENNSYLVANIA,FAIRLESS HILLS,,,61,Trailer,,,,,16,Utility Trailer,,,18.000,"GAWR from 3420 , Tire Size = F78 - 14C, Rim Size= 14.5 X 5.5, PSI = 60",,5,Single
201700029891,2,1,5V8VC532*GM******,2021-12-20 09:03:15,0,6,TRAILER,16522,VANGUARD NATIONAL TRAILER CORPORATION (VNTC),6474,VANGUARD NATIONAL TRAILER CORPORATION (VNTC),17782,VANGUARD NATIONAL TRAILER CORPORATION (VNTC),2016,,,6,UNITED STATES (USA),INDIANA,MONON,,,61,Trailer,,,,,,,,,53.000,Dry Freight Van,2,3,Tandem
201700046542,2,1,3B9TS71E*EG007***,2021-12-20 09:03:15,0,6,TRAILER,11798,BULK TANK INTERNATIONAL S DE RL DE CV,1092,BULK TANK INTERNATIONAL,4372,Bulk Tank International,2014,,,12,MEXICO,GUANAJUATO,SAN JOSE ITURBIDE,,,61,Trailer,,,,,102,Standard,,,,Vessel Material: Stainless Steel,,,
201700047602,1,1,48X1F382*Y1******,2021-12-20 09:03:15,0,6,TRAILER,10839,"TRAVIS BODY & TRAILER, INC.",3520,"TRAVIS BODY & TRAILER, INC.",7868,"TRAVIS BODY & TRAILER, INC.",2000,,,6,UNITED STATES (USA),TEXAS,HOUSTON,,,61,Trailer,,,,,4,Dump Trailer/Dumping Trailer,30,Other,38.000,Tumer ARx43,2,,
201700053395,2,1,1UYVS253*EG******,2021-12-20 09:03:16,0,6,TRAILER,10289,UTILITY TRAILER MANUFACTURING COMPANY,10138,UTILITY TRAILER MANUFACTURER,26222,Utility Trailer Manufacturer,2014,,,6,UNITED STATES (USA),VIRGINIA,GLADE SPRING,,,61,Trailer,,,,,36,Van Trailer,4,Straight Semi/Semi Trailer,53.000,,2,,
201700055747,1,1,1GRAA062*AW******,2021-12-20 09:03:16,0,6,TRAILER,1073,GREAT DANE TRAILERS,520,GREAT DANE TRAILERS,13436,Great Dane Trailers,2010,,,6,UNITED STATES (USA),NEBRASKA,WAYNE,,,61,Trailer,,,,,36,Van Trailer,4,Straight Semi/Semi Trailer,53.000,Trailer Type = Dry Freight/ Reefer/ Insulated Van,2,,
201700056256,1,1,1GRAA062*CW******,2021-12-20 09:03:16,0,6,TRAILER,1073,GREAT DANE TRAILERS,520,GREAT DANE TRAILERS,13436,Great Dane Trailers,2012,,,6,UNITED STATES (USA),NEBRASKA,WAYNE,,,61,Trailer,,,,,,,4,Straight Semi/Semi Trailer,53.000,Dry Freight Van / Reefer Van / Insulated Van,2,,
201700057944,1,1,1VRY1119*F1******,2021-12-20 09:03:16,0,6,TRAILER,10796,VERMEER MANUFACTURING COMPANY,3374,VERMEER,15417,BC1000,2015,,BC1000XL,6,UNITED STATES (USA),IOWA,PELLA,Vermeer Freeman Manufacturing Company,,61,Trailer,,,,,,,,,11.000,Body Type - Brush Chipper,1,,
201700061607,1,1,4WYT06L2*51******,2021-12-20 09:03:16,1,6,TRAILER,13420,R-VISION,2695,R-VISION,6601,R-Vision,2005,Trail Bay TT,,6,UNITED STATES (USA),INDIANA,WARSAW,,Plant Location: 2666 Country Club Road,61,Trailer,,,,,21,Travel Trailer,,,28.000,,2,,
201700072214,2,1,3H3V532C*GT******,2021-12-20 09:03:16,0,6,TRAILER,14282,"HYUNDAI DE MEXICO, S.A. DE C.V.",4876,HYUNDAI TRANSLEAD TRAILERS,11496,Hyundai Translead Trailers,2016,,,12,MEXICO,BAJA CALIFORNIA,TIJUANA,,,61,Trailer,,,,,36,Van Trailer,,,53.000,Material: Aluminum/Steel,2,,
201700072437,1,1,5JLSN201*75******,2021-12-20 09:03:16,0,6,TRAILER,5564,"HEIL TRAILER INTERNATIONAL, CO",2365,"HEIL TRAILER INTERNATIONAL, CO.",6142,"Heil Trailer International, Co.",2007,,,6,UNITED STATES (USA),TEXAS,RHOME,,Body Shape: Jet,61,Trailer,,,,,103,Bulk,,,20.000,up to 600 cu. ft ( Dry Bulk),1,,
201700072437,1,2,5JLSN192*75******,2021-12-20 09:03:16,0,6,TRAILER,5564,"HEIL TRAILER INTERNATIONAL, CO",2365,"HEIL TRAILER INTERNATIONAL, CO.",6142,"Heil Trailer International, Co.",2007,,,6,UNITED STATES (USA),TEXAS,RHOME,,Body Shape: Jet,61,Trailer,,,,,103,Bulk,,,19.000,up to 600 cu. ft ( Dry Bulk),2,,
201700078845,1,1,1JJV532W*4L******,2021-12-20 09:03:16,0,6,TRAILER,14508,WABASH NATIONAL CORPORATION,4847,WABASH NATIONAL CORPORATION,13327,Wabash National Corporation,2004,,,6,UNITED STATES (USA),INDIANA,LAFAYETTE,,,61,Trailer,,,,,36,Van Trailer,,,53.000,,2,,
201700084962,1,1,1GRAA062*9W******,2021-12-20 09:03:16,0,6,TRAILER,1073,GREAT DANE TRAILERS,520,GREAT DANE TRAILERS,13436,Great Dane Trailers,2009,,,6,UNITED STATES (USA),NEBRASKA,WAYNE,,,61,Trailer,,,,,36,Van Trailer,4,Straight Semi/Semi Trailer,53.000,Trailer Type = Dry Freight/ Reefer/ Insulated Van,2,,
201700085338,1,1,1S9SS402*5L476***,2021-12-20 09:03:16,0,6,TRAILER,8211,SMITHCO MANUFACTURING,6887,SMITHCO MANUFACTURING,18396,SMITHCO MANUFACTURING,2005,,,6,UNITED STATES (USA),IOWA,LE MARS,,,61,Trailer,,,,,22,Side Dump Trailer,,,40.000,I-Beam,2,,
201700085413,2,1,1GRAP062*DT******,2021-12-20 09:03:17,0,6,TRAILER,1073,GREAT DANE TRAILERS,520,GREAT DANE TRAILERS,13436,Great Dane Trailers,2013,,,6,UNITED STATES (USA),INDIANA,TERRE HAUTE,,,61,Trailer,,,,,,,4,Straight Semi/Semi Trailer,53.000,Dry Freight Van / Reefer Van / Insulated Van,2,,
201700085636,2,1,13N1452C*L1******,2021-12-20 09:03:17,0,6,TRAILER,12268,FONTAINE COMMERCIAL PLATFORM,1128,FONTAINE TRAILER CO.,4416,Fontaine Trailer Co.,2020,,,6,UNITED STATES (USA),ALABAMA,HALEYVILLE,,Optional Features: Sliding Suspension,61,Trailer,,,,,6,Flat Bed Trailer/Platform Trailer,,,45.000,,2,,
201700086028,2,1,13N4482C*X1******,2021-12-20 09:03:17,0,6,TRAILER,12268,FONTAINE COMMERCIAL PLATFORM,1128,FONTAINE TRAILER CO.,4416,Fontaine Trailer Co.,1999,,,6,UNITED STATES (USA),ALABAMA,HALEYVILLE,,,61,Trailer,,,,,6,Flat Bed Trailer/Platform Trailer,,,48.000,Telescoping Platform Trailer,2,,
201700087504,2,1,1GRAP062*DK******,2021-12-20 09:03:17,0,6,TRAILER,1073,GREAT DANE TRAILERS,520,GREAT DANE TRAILERS,13436,Great Dane Trailers,2013,,,6,UNITED STATES (USA),ILLINOIS,KEWANEE,,,61,Trailer,,,,,,,4,Straight Semi/Semi Trailer,53.000,Dry Freight Van / Reefer Van / Insulated Van,2,,
201700088677,1,1,4P2WB242*TU******,2021-12-20 09:03:17,0,6,TRAILER,1491,PACE AMERICAN OF UTAH INC.,2500,PACE AMERICAN,6324,Pace American Trailer,1996,,,6,UNITED STATES (USA),UTAH,,Pace American of Utah,"GVWR: 3,000-24,000",61,Trailer,7,"Class 6: 19,501 - 26,000 lb (8,845 - 11,794 kg)",,,59,Van/Covered Cargo/Enclosed,,,24.000,Length: 10-45 ft; Width: 8.5 ft; Tag Enclosed Cargo,2,,
201700091675,1,1,1UYFS245*1A******,2021-12-20 09:03:17,0,6,TRAILER,10289,UTILITY TRAILER MANUFACTURING COMPANY,10138,UTILITY TRAILER MANUFACTURER,26222,Utility Trailer Manufacturer,2001,,,6,UNITED STATES (USA),ALABAMA,ENTERPRISE,,,61,Trailer,,,,,6,Flat Bed Trailer/Platform Trailer,4,Straight Semi/Semi Trailer,45.000,,2,,
201700104608,2,1,1JJV532D*JL******,2021-12-20 09:03:17,0,6,TRAILER,14508,WABASH NATIONAL CORPORATION,4847,WABASH NATIONAL CORPORATION,10942,Dry Van Duraplate,2018,,,6,UNITED STATES (USA),INDIANA,LAFAYETTE,,,61,Trailer,,,,,36,Van Trailer,,,53.000,,2,,
201700111923,2,1,5SFNB312*JE******,2021-12-20 09:03:17,0,6,TRAILER,10254,"HEARTLAND RECREATIONAL VEHICLES, LLC",2270,HEARTLAND RECREATIONAL VEHICLES LLC,13569,"Mallard, North Trail, & Wilderness",2018,,,6,UNITED STATES (USA),INDIANA,ELKHART,,Reporting�Name:North�Trail,61,Trailer,,,,,21,Travel Trailer,1,Ball Type Pull,31.000,,2,,
201700116155,1,1,1GRAP062*CT******,2021-12-20 09:03:17,0,6,TRAILER,1073,GREAT DANE TRAILERS,520,GREAT DANE TRAILERS,13436,Great Dane Trailers,2012,,,6,UNITED STATES (USA),INDIANA,TERRE HAUTE,,,61,Trailer,,,,,,,4,Straight Semi/Semi Trailer,53.000,Dry Freight Van / Reefer Van / Insulated Van,2,,
201700117937,1,1,5KTBS211*BF******,2021-12-20 09:03:17,0,6,TRAILER,10097,KARAVAN TRAILERS INC.,5044,KARAVAN TRAILER,12425,Karavan Trailer,2011,,,6,UNITED STATES (USA),WISCONSIN,FOX LAKE,,,61,Trailer,,,,,2,Boat Trailer,31,Ball Hitch,21.000,FRAME TYPE: Sq. Tube,1,,
201700120820,1,1,1GRAP062*HK******,2021-12-20 09:03:18,0,6,TRAILER,1073,GREAT DANE TRAILERS,520,GREAT DANE TRAILERS,13436,Great Dane Trailers,2017,,,6,UNITED STATES (USA),ILLINOIS,KEWANEE,,,61,Trailer,,,,,,,4,Straight Semi/Semi Trailer,53.000,Dry Freight Van / Reefer Van / Insulated Van,2,,
201700121433,2,1,5V8VA532*8M******,2021-12-20 09:03:18,0,6,TRAILER,16522,VANGUARD NATIONAL TRAILER CORPORATION (VNTC),6474,VANGUARD NATIONAL TRAILER CORPORATION (VNTC),17782,VANGUARD NATIONAL TRAILER CORPORATION (VNTC),2008,,,6,UNITED STATES (USA),INDIANA,MONON,,,61,Trailer,,,,,,,,,53.000,Interior Post Aluminum Semi Trailer,2,3,Tandem
201700121789,1,1,5HTAB442*A7******,2021-12-20 09:03:18,0,6,TRAILER,5564,"HEIL TRAILER INTERNATIONAL, CO",2365,"HEIL TRAILER INTERNATIONAL, CO.",6142,"Heil Trailer International, Co.",2010,,,6,UNITED STATES (USA),TENNESSEE,ATHENS,,Body Shape: Straight Elliptical,61,Trailer,,,,,15,Tank Trailer,,,44.000,AL 306/406,2,,
201700121910,1,1,4FKWG222*60******,2021-12-20 09:03:18,1,6,TRAILER,4395,"4-STAR TRAILERS, INC.",5676,4-STAR TRAILERS INC.,14788,4-Star Trailers Inc.,2006,,,6,UNITED STATES (USA),OKLAHOMA,OKLAHOMA CITY,,,61,Trailer,,,,,101,Other,3,Gooseneck,22.000,Body Construction: Welded,2,,
201700124885,2,1,5HABD122*EN******,2021-12-20 09:03:18,0,6,TRAILER,12754,"HOMESTEADER, INC.",1570,HOMESTEADER,5676,Homesteader,2014,,,6,UNITED STATES (USA),TENNESSEE,NEW TAZEWELL,,,61,Trailer,,,,,4,Dump Trailer/Dumping Trailer,1,Ball Type Pull,12.000,,2,,
201700127898,1,1,1RNF53A2*6R******,2021-12-20 09:03:18,0,6,TRAILER,3579,"REITNOUER, INC.",5594,REITNOUER INC,14493,Reitnouer Inc Trailers,2006,,,6,UNITED STATES (USA),PENNSYLVANIA,READING,,,61,Trailer,9,"Class 8: 33,001 lb and above (14,969 kg and above)",,,6,Flat Bed Trailer/Platform Trailer,6,Kingpin,53.000,Airride,2,,
201700130595,1,1,1w9bu162*4l364***,2021-12-20 09:03:18,0,6,TRAILER,9206,WYATT'S TRAILER SALES,7672,WYATT'S,20667,Wyatt's Trailer,2004,,,6,UNITED STATES (USA),TEXAS,LONGVIEW,,,61,Trailer,,,,,16,Utility Trailer,1,Ball Type Pull,16.000,,2,,
201700131043,2,1,5JLSP442*85******,2021-12-20 09:03:18,0,6,TRAILER,5564,"HEIL TRAILER INTERNATIONAL, CO",2365,"HEIL TRAILER INTERNATIONAL, CO.",6142,"Heil Trailer International, Co.",2008,,,6,UNITED STATES (USA),TEXAS,RHOME,,Body Shape: Flo,61,Trailer,,,,,103,Bulk,,,44.000,Al Pneumatic,2,,
201700137198,1,1,4X4TXLE2*GF******,2021-12-20 09:03:18,0,6,TRAILER,1084,"FOREST RIVER, INC.",531,FOREST RIVER,3080,XLR Toy Hauler,2016,,,6,UNITED STATES (USA),INDIANA,GOSHEN,,Manufacturing Plant Address: 2421 Century Dr.,61,Trailer,,,,,21,Travel Trailer,1,Ball Type Pull,29.000,,2,,
201700137198,2,1,1UYVS248*CU******,2021-12-20 09:03:18,0,6,TRAILER,10289,UTILITY TRAILER MANUFACTURING COMPANY,10138,UTILITY TRAILER MANUFACTURER,26222,Utility Trailer Manufacturer,2012,,,6,UNITED STATES (USA),UTAH,CLEARFIELD,,,61,Trailer,,,,,36,Van Trailer,4,Straight Semi/Semi Trailer,48.000,,2,,
201700137982,1,1,5HTSN422*D7******,2021-12-20 09:03:18,0,6,TRAILER,5564,"HEIL TRAILER INTERNATIONAL, CO",2365,"HEIL TRAILER INTERNATIONAL, CO.",6142,"Heil Trailer International, Co.",2013,,,6,UNITED STATES (USA),TENNESSEE,ATHENS,,Body Shape: JEt,61,Trailer,,,,,103,Bulk,,,42.000,Al Pneumatic,2,,
201700140192,2,1,5HTSN422*F7******,2021-12-20 09:03:18,0,6,TRAILER,5564,"HEIL TRAILER INTERNATIONAL, CO",2365,"HEIL TRAILER INTERNATIONAL, CO.",6142,"Heil Trailer International, Co.",2015,,,6,UNITED STATES (USA),TENNESSEE,ATHENS,,,61,Trailer,,,,,15,Tank Trailer,4,Straight Semi/Semi Trailer,42.000,AL NON SPEC.,2,,
201700144781,2,1,1GRAA062*HD******,2021-12-20 09:03:19,0,6,TRAILER,1073,GREAT DANE TRAILERS,520,GREAT DANE TRAILERS,13436,Great Dane Trailers,2017,,,6,UNITED STATES (USA),PENNSYLVANIA,DANVILLE,,,61,Trailer,,,,,,,4,Straight Semi/Semi Trailer,53.000,Dry Freight Van / Reefer Van / Insulated Van,2,,
201700150431,1,1,5HVBU120*HL******,2021-12-20 09:03:19,0,6,TRAILER,3472,"O'DELL MFG & TRUCK SALES, INC",6276,PREDATOR EAGLE,17389,Predator Eagle,2017,,,6,UNITED STATES (USA),FLORIDA,LARGO,,,61,Trailer,,,,,16,Utility Trailer,14,Bumper Pull,12.000,C- Channel,0,,
201700150878,1,1,1UYVS253*9U******,2021-12-20 09:03:19,0,6,TRAILER,10289,UTILITY TRAILER MANUFACTURING COMPANY,10138,UTILITY TRAILER MANUFACTURER,26222,Utility Trailer Manufacturer,2009,,,6,UNITED STATES (USA),UTAH,CLEARFIELD,,,61,Trailer,,,,,36,Van Trailer,4,Straight Semi/Semi Trailer,53.000,,2,,
201700156665,1,1,1E9FS338*DE064***,2021-12-20 09:03:19,0,6,TRAILER,12997,"EXPRESS WELDING, INC. (FORMERLY EXPRESS WELDING, EXPRESS WELDING CO.)",887,EXPRESS WELDING,4062,Express Welding,2013,,,6,UNITED STATES (USA),MICHIGAN,ESCANABA,,Style: Steel Deck,61,Trailer,9,"Class 8: 33,001 lb and above (14,969 kg and above)",,,,,5,Fifth Wheel,,Trailer Body Type: Straight Deck,3,,
201700170742,1,1,1UNST422*7L******,2021-12-20 09:03:19,0,6,TRAILER,1739,"DRAGON PRODUCTS, LTD",956,DRAGON PRODUCTS,4976,Dragon Products,2007,,,6,UNITED STATES (USA),TEXAS,LAPORTE,,,61,Trailer,,,,,15,Tank Trailer,4,Straight Semi/Semi Trailer,42.000,,2,,
201700174583,1,1,1NNC0402*TM******,2021-12-20 09:03:19,0,6,TRAILER,15472,EVANS PRODUCTS COMPANY,6021,MONON,29523,Monon,1996,,,6,UNITED STATES (USA),INDIANA,MONON,,,61,Trailer,,,,,109,Container Chassis/Container Trailer,,,40.000,"Other trailer type except ""van trailer""",2,3,Tandem
201700176322,1,1,1GRAA062*XW******,2021-12-20 09:03:19,0,6,TRAILER,1073,GREAT DANE TRAILERS,520,GREAT DANE TRAILERS,13436,Great Dane Trailers,1999,,,6,UNITED STATES (USA),NEBRASKA,WAYNE,,,61,Trailer,,,,,36,Van Trailer,4,Straight Semi/Semi Trailer,53.000,Trailer Type = Dry Freight/ Reefer/ Insulated Van,2,,
201700179029,1,1,1T9AS483*6B540***,2021-12-20 09:03:19,0,6,TRAILER,3629,"TAKE 3 TRAILERS, INC.",3225,TAKE 3 TRAILERS INC,7359,Take 3 Trailers Inc,2006,,,6,UNITED STATES (USA),TEXAS,BRENHAM,,,61,Trailer,,,,,95,Auto Hauler,,,48.000,Square Tube,3,,
201700189616,1,1,1JJV532B*BL******,2021-12-20 09:03:19,0,6,TRAILER,14508,WABASH NATIONAL CORPORATION,4847,WABASH NATIONAL CORPORATION,10945,Refrigerated Van,2011,,,6,UNITED STATES (USA),INDIANA,LAFAYETTE,,,61,Trailer,,,,,36,Van Trailer,,,53.000,,2,,
201700196954,1,1,1GRAA062*CB******,2021-12-20 09:03:19,0,6,TRAILER,1073,GREAT DANE TRAILERS,520,GREAT DANE TRAILERS,13436,Great Dane Trailers,2012,,,6,UNITED STATES (USA),INDIANA,BRAZIL,,,61,Trailer,,,,,,,4,Straight Semi/Semi Trailer,53.000,Dry Freight Van / Reefer Van / Insulated Van,2,,
201700196988,2,1,1UYVS253*GM******,2021-12-20 09:03:19,0,6,TRAILER,10289,UTILITY TRAILER MANUFACTURING COMPANY,10138,UTILITY TRAILER MANUFACTURER,26222,Utility Trailer Manufacturer,2016,,,6,UNITED STATES (USA),VIRGINIA,MARION,,,61,Trailer,,,,,36,Van Trailer,4,Straight Semi/Semi Trailer,53.000,,2,,
201700198928,2,1,5GLBE182*5C******,2021-12-20 09:03:20,0,6,TRAILER,15975,G.T. EXPRESS ENTERPRISES. INC.,5570,EXPRESS TRAILERS INC,14388,Express Trailers Inc,2005,,,6,UNITED STATES (USA),FLORIDA,CLEARWATER,,,61,Trailer,,,,,5,Enclosed Trailer,14,Bumper Pull,18.000,,2,,
201700199092,3,1,5MADN392*EC******,2021-12-20 09:03:20,0,6,TRAILER,5950,"MAC TRAILER MFG, INC.",6826,MAC TRAILER MANUFACTURING,18288,MAC TRAILER MANUFACTURING,2014,,,6,UNITED STATES (USA),OHIO,ALLIANCE,,Commerce Street,61,Trailer,,,,,4,Dump Trailer/Dumping Trailer,,,39.000,No Frame,2,,
201700208797,3,1,1UYVS253*J2******,2021-12-20 09:03:20,0,6,TRAILER,10289,UTILITY TRAILER MANUFACTURING COMPANY,10138,UTILITY TRAILER MANUFACTURER,26222,Utility Trailer Manufacturer,2018,,,6,UNITED STATES (USA),UTAH,CLEARFIELD,,,61,Trailer,,,,,36,Van Trailer,4,Straight Semi/Semi Trailer,53.000,,2,,
201700209743,1,1,5HTAB442*97******,2021-12-20 09:03:20,0,6,TRAILER,5564,"HEIL TRAILER INTERNATIONAL, CO",2365,"HEIL TRAILER INTERNATIONAL, CO.",6142,"Heil Trailer International, Co.",2009,,,6,UNITED STATES (USA),TENNESSEE,ATHENS,,Body Shape: Straight Elliptical,61,Trailer,,,,,15,Tank Trailer,,,44.000,AL 306/406,2,,
201700212251,1,1,4A2LD532*73******,2021-12-20 09:03:20,0,6,TRAILER,5943,"M.H. EBY, INC.",5684,"M.H. EBY, INC",14899,"M.H. EBY, INC",2007,,,6,UNITED STATES (USA),IOWA,STORY CITY,,,61,Trailer,,,,,13,Livestock Trailer,,,53.000,Trailer Type: Possum Belly/Drop Floor Trailer,2,,
201700217043,2,1,5HTFF343*69******,2021-12-20 09:03:20,0,6,TRAILER,5564,"HEIL TRAILER INTERNATIONAL, CO",2365,"HEIL TRAILER INTERNATIONAL, CO.",6142,"Heil Trailer International, Co.",2006,,,6,UNITED STATES (USA),PENNSYLVANIA,LANCASTER,,Body Shape: Elliptical Tapered Front,61,Trailer,,,,,15,Tank Trailer,,,34.000,SS 307/407,3,,
201700220141,1,1,5V8VC532*GM******,2021-12-20 09:03:20,0,6,TRAILER,16522,VANGUARD NATIONAL TRAILER CORPORATION (VNTC),6474,VANGUARD NATIONAL TRAILER CORPORATION (VNTC),17782,VANGUARD NATIONAL TRAILER CORPORATION (VNTC),2016,,,6,UNITED STATES (USA),INDIANA,MONON,,,61,Trailer,,,,,,,,,53.000,Dry Freight Van,2,3,Tandem
201700233865,1,1,1TTE4830*31******,2021-12-20 09:03:20,0,6,TRAILER,8231,TRANSCRAFT CORPORATION,10511,TRANSCRAFT,28401,Transcraft,2003,,,6,UNITED STATES (USA),ILLINOIS,ANNA,,,61,Trailer,,,,,61,Drop Deck Trailer,6,Kingpin,48.000,,3,,
201700244274,1,1,1UYVS253*H2******,2021-12-20 09:03:20,0,6,TRAILER,10289,UTILITY TRAILER MANUFACTURING COMPANY,10138,UTILITY TRAILER MANUFACTURER,26222,Utility Trailer Manufacturer,2017,,,6,UNITED STATES (USA),UTAH,CLEARFIELD,,,61,Trailer,,,,,36,Van Trailer,4,Straight Semi/Semi Trailer,53.000,,2,,
201700244282,2,1,1UYVS253*12******,2021-12-20 09:03:20,0,6,TRAILER,10289,UTILITY TRAILER MANUFACTURING COMPANY,10138,UTILITY TRAILER MANUFACTURER,26222,Utility Trailer Manufacturer,2001,,,6,UNITED STATES (USA),UTAH,CLEARFIELD,,,61,Trailer,,,,,36,Van Trailer,4,Straight Semi/Semi Trailer,53.000,,2,,
201700244411,1,1,1UYVS253*DP******,2021-12-20 09:03:20,0,6,TRAILER,10289,UTILITY TRAILER MANUFACTURING COMPANY,10138,UTILITY TRAILER MANUFACTURER,26222,Utility Trailer Manufacturer,2013,,,6,UNITED STATES (USA),ARKANSAS,PARAGOULD,,,61,Trailer,,,,,36,Van Trailer,4,Straight Semi/Semi Trailer,53.000,,2,,
201700246821,2,1,5FTCE181*H2******,2021-12-20 09:03:20,0,6,TRAILER,6919,FELLING TRAILERS,4771,FELLING TRAILERS,10467,Felling Trailers,2017,,,6,UNITED STATES (USA),MINNESOTA,LITCHFIELD,,,61,Trailer,,,,,61,Drop Deck Trailer,2,Pintle Hitch/Hook,18.000,,1,,
201700247205,1,1,1JJV532B*AL******,2021-12-20 09:03:21,0,6,TRAILER,14508,WABASH NATIONAL CORPORATION,4847,WABASH NATIONAL CORPORATION,10945,Refrigerated Van,2010,,,6,UNITED STATES (USA),INDIANA,LAFAYETTE,,,61,Trailer,,,,,36,Van Trailer,,,53.000,,2,,
201700251736,3,1,5MAMN453*6C******,2021-12-20 09:03:21,0,6,TRAILER,5950,"MAC TRAILER MFG, INC.",6826,MAC TRAILER MANUFACTURING,18288,MAC TRAILER MANUFACTURING,2006,,,6,UNITED STATES (USA),OHIO,ALLIANCE,,Commerce Street,61,Trailer,,,,,101,Other,,,45.000,No Frame,3,,
201700252573,2,1,1GRAA062*GW******,2021-12-20 09:03:21,0,6,TRAILER,1073,GREAT DANE TRAILERS,520,GREAT DANE TRAILERS,13436,Great Dane Trailers,2016,,,6,UNITED STATES (USA),NEBRASKA,WAYNE,,,61,Trailer,,,,,,,4,Straight Semi/Semi Trailer,53.000,Dry Freight Van / Reefer Van / Insulated Van,2,,
201700256509,1,1,4U3B0532*GL******,2021-12-20 09:03:21,0,6,TRAILER,9213,"BULL MOOSE HEAVY HAUL, INC",6869,X-L SPECIALIZED TRAILERS INC,18367,X-L SPECIALIZED TRAILERS INC,2016,,,6,UNITED STATES (USA),IOWA,MANCHESTER,,,61,Trailer,,,,,,,,,53.000,"Ag/Commercial/Construction Fixed/Rigid Neck (SDS, SDX, PGD, FD, DDE, FDE, RG, SD, SDE, DD, LSD, BM)",2,,
201700256994,1,1,1UYVS253*J3******,2021-12-20 09:03:21,0,6,TRAILER,10289,UTILITY TRAILER MANUFACTURING COMPANY,10138,UTILITY TRAILER MANUFACTURER,26222,Utility Trailer Manufacturer,2018,,,6,UNITED STATES (USA),ARKANSAS,PARAGOULD,,,61,Trailer,,,,,36,Van Trailer,4,Straight Semi/Semi Trailer,53.000,,2,,
201700258195,2,1,1GRAA962*CB******,2021-12-20 09:03:21,0,6,TRAILER,1073,GREAT DANE TRAILERS,520,GREAT DANE TRAILERS,13436,Great Dane Trailers,2012,,,6,UNITED STATES (USA),INDIANA,BRAZIL,,,61,Trailer,,,,,,,4,Straight Semi/Semi Trailer,48.000,Dry Freight Van / Reefer Van / Insulated Van,2,,
201700262954,2,1,1S12E953*WD******,2021-12-20 09:03:21,0,6,TRAILER,14956,"STRICK TRAILERS, LLC",4977,STRICK COMMERCIAL TRAILER,12176,Strick Commercial Trailer,1998,Smooth Side,,6,UNITED STATES (USA),,DANVILLE,,,61,Trailer,,,,,,,4,Straight Semi/Semi Trailer,53.000,Dry Freight Van,2,3,Tandem
201700263119,3,1,1JJV532D*AL******,2021-12-20 09:03:21,0,6,TRAILER,14508,WABASH NATIONAL CORPORATION,4847,WABASH NATIONAL CORPORATION,10942,Dry Van Duraplate,2010,,,6,UNITED STATES (USA),INDIANA,LAFAYETTE,,,61,Trailer,,,,,36,Van Trailer,,,53.000,,2,,
201700266086,2,1,1UYFS248*VA******,2021-12-20 09:03:21,0,6,TRAILER,10289,UTILITY TRAILER MANUFACTURING COMPANY,10138,UTILITY TRAILER MANUFACTURER,26222,Utility Trailer Manufacturer,1997,,,6,UNITED STATES (USA),ALABAMA,ENTERPRISE,,,61,Trailer,,,,,6,Flat Bed Trailer/Platform Trailer,4,Straight Semi/Semi Trailer,48.000,,2,,
201700271036,2,1,1UYVS253*FP******,2021-12-20 09:03:21,0,6,TRAILER,10289,UTILITY TRAILER MANUFACTURING COMPANY,10138,UTILITY TRAILER MANUFACTURER,26222,Utility Trailer Manufacturer,2015,,,6,UNITED STATES (USA),ARKANSAS,PARAGOULD,,,61,Trailer,,,,,36,Van Trailer,4,Straight Semi/Semi Trailer,53.000,,2,,
201700271423,1,1,1D9BG573*J1609***,2021-12-20 09:03:21,0,6,TRAILER,11391,"DOONAN SPECIALIZED TRAILER, LLC",1335,DOONAN SPECIALIZED TRAILER,4689,Doonan Specialized Trailer,2018,,,6,UNITED STATES (USA),KANSAS,GREAT BEND,,,61,Trailer,,,,,61,Drop Deck Trailer,,,,Platform,3,,
201700274985,2,1,1TH2A2FK*H1******,2021-12-20 09:03:22,0,6,TRAILER,13547,FLINT HILLS INDUSTRIES INC,5808,HILLSBORO,15196,HILLSBORO INDUSTRIES TRAILER,2017,Gooseneck,,6,UNITED STATES (USA),KANSAS,HILLSBORO,,,61,Trailer,,,,,13,Livestock Trailer,3,Gooseneck,22.000,Axle Configuration: 2x7k,,,
201700275172,1,1,1GRAA062*EE******,2021-12-20 09:03:22,0,6,TRAILER,1073,GREAT DANE TRAILERS,520,GREAT DANE TRAILERS,13436,Great Dane Trailers,2014,,,6,UNITED STATES (USA),GEORGIA,STATESBORO,,,61,Trailer,,,,,,,4,Straight Semi/Semi Trailer,53.000,Dry Freight Van / Reefer Van / Insulated Van,2,,
201700275371,2,1,1TTE532A*G3******,2021-12-20 09:03:22,0,6,TRAILER,8231,TRANSCRAFT CORPORATION,10512,BENSON,27664,Aluminium Flatbed,2016,,,6,UNITED STATES (USA),KENTUCKY,CADIZ,,,61,Trailer,,,,,61,Drop Deck Trailer,6,Kingpin,53.000,,2,,
201700296073,2,1,5HTJM452*G7******,2021-12-20 09:03:22,0,6,TRAILER,5564,"HEIL TRAILER INTERNATIONAL, CO",5444,J&L,14160,J&L Trailers,2016,,,6,UNITED STATES (USA),TENNESSEE,ATHENS,,,61,Trailer,,,,,15,Tank Trailer,4,Straight Semi/Semi Trailer,45.000,CS ASPHALT,2,,
201700298722,1,1,1DW1A532*8S******,2021-12-20 09:03:22,0,6,TRAILER,13506,"STOUGHTON TRAILERS, INC.",3414,STOUGHTON TRAILERS,7701,Stoughton trailers,2008,,,6,UNITED STATES (USA),WISCONSIN,STOUGHTON,"Stoughton Trailers, INC",,61,Trailer,,,,,36,Van Trailer,4,Straight Semi/Semi Trailer,53.000,,2,,
201700305485,2,1,1RNF53A2*HR******,2021-12-20 09:03:22,0,6,TRAILER,3579,"REITNOUER, INC.",5594,REITNOUER INC,14493,Reitnouer Inc Trailers,2017,,,6,UNITED STATES (USA),PENNSYLVANIA,READING,,,61,Trailer,9,"Class 8: 33,001 lb and above (14,969 kg and above)",,,6,Flat Bed Trailer/Platform Trailer,6,Kingpin,53.000,Airride,2,,
201700307590,1,1,5V8VC532*HM******,2021-12-20 09:03:22,0,6,TRAILER,16522,VANGUARD NATIONAL TRAILER CORPORATION (VNTC),6474,VANGUARD NATIONAL TRAILER CORPORATION (VNTC),17782,VANGUARD NATIONAL TRAILER CORPORATION (VNTC),2017,,,6,UNITED STATES (USA),INDIANA,MONON,,,61,Trailer,,,,,,,,,53.000,Dry Freight Van,2,3,Tandem
201700307822,1,1,5JW2U252*H3******,2021-12-20 09:03:22,0,6,TRAILER,9916,NOVAE CORPORATION,2410,SURE-TRAC,6193,Sure-Trac Trailers,2017,,,6,UNITED STATES (USA),INDIANA,COLUMBIA CITY,,,61,Trailer,,,,,16,Utility Trailer,2,Pintle Hitch/Hook,25.000,Open Body,2,,
201700308229,1,1,4ZEPS242*F1******,2021-12-20 09:03:22,1,6,TRAILER,3684,LOAD TRAIL LLC,2111,LOAD TRAIL,5874,Load Trail,2015,,,6,UNITED STATES (USA),TEXAS,SUMNER,,,61,Trailer,,,,,102,Standard,2,Pintle Hitch/Hook,24.000,,2,,
201700308300,2,1,1UYVS253*HP******,2021-12-20 09:03:22,0,6,TRAILER,10289,UTILITY TRAILER MANUFACTURING COMPANY,10138,UTILITY TRAILER MANUFACTURER,26222,Utility Trailer Manufacturer,2017,,,6,UNITED STATES (USA),ARKANSAS,PARAGOULD,,,61,Trailer,,,,,36,Van Trailer,4,Straight Semi/Semi Trailer,53.000,,2,,
201700310191,1,1,1UYVS253*8M******,2021-12-20 09:03:23,0,6,TRAILER,10289,UTILITY TRAILER MANUFACTURING COMPANY,10138,UTILITY TRAILER MANUFACTURER,26222,Utility Trailer Manufacturer,2008,,,6,UNITED STATES (USA),VIRGINIA,MARION,,,61,Trailer,,,,,36,Van Trailer,4,Straight Semi/Semi Trailer,53.000,,2,,
201700312670,2,1,1DW1B532*5S******,2021-12-20 09:03:23,0,6,TRAILER,13506,"STOUGHTON TRAILERS, INC.",3414,STOUGHTON TRAILERS,7701,Stoughton trailers,2005,,,6,UNITED STATES (USA),WISCONSIN,STOUGHTON,"Stoughton Trailers, INC",,61,Trailer,,,,,6,Flat Bed Trailer/Platform Trailer,4,Straight Semi/Semi Trailer,53.000,,2,,
201700312839,1,1,4R7BU202*HT******,2021-12-20 09:03:23,0,6,TRAILER,7387,"TOP HAT INDUSTRIES, INC.",5660,TOP HAT INDUSTRIES,14641,Top Hat Industries,2017,,,6,UNITED STATES (USA),TEXAS,NAPLES,,,61,Trailer,,,,,16,Utility Trailer,14,Bumper Pull,20.000,,2,,
201700319377,1,1,1KKVE532*1L******,2021-12-20 09:03:23,0,6,TRAILER,2340,KENTUCKY MANUFACTURING CO.,2048,KENTUCKY MANUFACTURING CO./ KENTUCKY TRAILER/ KENTUCKY TRAILER TECH,5803,Kentucky Manufacturing Co./ Kentucky Trailer/ Kentucky Trailer Tech,2001,,,6,UNITED STATES (USA),KENTUCKY,LOUISVILLE,Kentucky Manufacturing Co.,,61,Trailer,,,,,36,Van Trailer,,,53.000,Body Type - Electronics,2,,
201700322447,1,1,1UYVS253*CG******,2021-12-20 09:03:23,0,6,TRAILER,10289,UTILITY TRAILER MANUFACTURING COMPANY,10138,UTILITY TRAILER MANUFACTURER,26222,Utility Trailer Manufacturer,2012,,,6,UNITED STATES (USA),VIRGINIA,GLADE SPRING,,,61,Trailer,,,,,36,Van Trailer,4,Straight Semi/Semi Trailer,53.000,,2,,
201700322470,1,1,1JJV532D*CL******,2021-12-20 09:03:23,0,6,TRAILER,14508,WABASH NATIONAL CORPORATION,4847,WABASH NATIONAL CORPORATION,10942,Dry Van Duraplate,2012,,,6,UNITED STATES (USA),INDIANA,LAFAYETTE,,,61,Trailer,,,,,36,Van Trailer,,,53.000,,2,,
201700322595,2,1,4A2LD532*F3******,2021-12-20 09:03:23,1,6,TRAILER,5943,"M.H. EBY, INC.",5684,"M.H. EBY, INC",14899,"M.H. EBY, INC",2015,,,6,UNITED STATES (USA),IOWA,STORY CITY,,,61,Trailer,,,,,13,Livestock Trailer,,,53.000,Trailer Type: Possum Belly/Drop Floor Trailer,2,,
201700322686,1,1,1UYVS253*J2******,2021-12-20 09:03:23,0,6,TRAILER,10289,UTILITY TRAILER MANUFACTURING COMPANY,10138,UTILITY TRAILER MANUFACTURER,26222,Utility Trailer Manufacturer,2018,,,6,UNITED STATES (USA),UTAH,CLEARFIELD,,,61,Trailer,,,,,36,Van Trailer,4,Straight Semi/Semi Trailer,53.000,,2,,
201700322749,2,1,1Z9M1AA2*FA448***,2021-12-20 09:03:23,0,6,TRAILER,1529,"IOWA STEEL FABRICATORS, LLC",1826,IOWA STEEL FABRICATION,5309,"Iowa Steel Fabrication, LLC.",2015,,,6,UNITED STATES (USA),IOWA,OSCEOLA,"Iowa Steel Fabrication, LLC.",,61,Trailer,,,,,15,Tank Trailer,5,Fifth Wheel,47.000,with Hitch,2,,
201700322758,1,1,1GRAA062*6W******,2021-12-20 09:03:23,0,6,TRAILER,1073,GREAT DANE TRAILERS,520,GREAT DANE TRAILERS,13436,Great Dane Trailers,2006,,,6,UNITED STATES (USA),NEBRASKA,WAYNE,,,61,Trailer,,,,,36,Van Trailer,4,Straight Semi/Semi Trailer,53.000,Trailer Type = Dry Freight/ Reefer/ Insulated Van,2,,
201700322771,1,1,1W10AF1A*1A******,2021-12-20 09:03:23,1,6,TRAILER,11681,WILSON TRAILER CO.,3855,WILSON TRAILER CO.,8390,Wilson Trailer Co.,2001,RIDGE STRAPS - ROLL TARP,,6,UNITED STATES (USA),IOWA,SIOUX CITY,PLANT 2,,61,Trailer,,,,,33,Grain Trailer,30,Other,43.000,Body: 66 INCH SIDE,2,,
201700324651,2,1,1JJV532W*6L******,2021-12-20 09:03:23,0,6,TRAILER,14508,WABASH NATIONAL CORPORATION,4847,WABASH NATIONAL CORPORATION,13327,Wabash National Corporation,2006,,,6,UNITED STATES (USA),INDIANA,LAFAYETTE,,,61,Trailer,,,,,36,Van Trailer,,,53.000,,2,,
201700340626,1,1,40LUB162*7P******,2021-12-20 09:03:24,0,6,TRAILER,5732,PACE AMERICAN OF  INDIANA  INC.,2500,PACE AMERICAN,6324,Pace American Trailer,2007,,,6,UNITED STATES (USA),INDIANA,,Pace American of Indiana,,61,Trailer,11,"Class 1B: 3,001 - 4,000 lb (1,360 - 1,814 kg)",5,"Class 4: 14,001 - 16,000 lb (6,350 - 7,258 kg)",59,Van/Covered Cargo/Enclosed,,,16.000,"Length: 10 - 28FT; GVWR: 3000 - 16,000,  (7 FT WIDE TRAILER )",2,,
201700357483,1,1,1TKH0314*GM******,2021-12-20 09:03:24,1,6,TRAILER,13498,TRAIL KING INDUSTRIES,3251,TRAIL KING INDUSTRIES,7386,TRAIL KING INDUSTRIES,2016,,,6,UNITED STATES (USA),SOUTH DAKOTA,MITCHELL,,Configuration: Position not used at this time.,61,Trailer,,,,,111,Special Design Trailer,,,31.000,"Trailer Length: Inverted Hoist= Add 2FT( but leave the unit part # as is)   Extend Apron = Add 1 Ft( if apron 14"" extended floor plate)",4,,
201700357506,1,1,1JJV532W*SL******,2021-12-20 09:03:24,1,6,TRAILER,14508,WABASH NATIONAL CORPORATION,4847,WABASH NATIONAL CORPORATION,22480,Exterior Post Standard,1995,,,6,UNITED STATES (USA),INDIANA,LAFAYETTE,,,61,Trailer,,,,,36,Van Trailer,,,53.000,,2,,
201700357802,1,1,5V8VC532*BM******,2021-12-20 09:03:24,0,6,TRAILER,16522,VANGUARD NATIONAL TRAILER CORPORATION (VNTC),6474,VANGUARD NATIONAL TRAILER CORPORATION (VNTC),17782,VANGUARD NATIONAL TRAILER CORPORATION (VNTC),2011,,,6,UNITED STATES (USA),INDIANA,MONON,,,61,Trailer,,,,,,,,,53.000,Dry Freight Van,2,3,Tandem
201700357802,3,1,1DW1A532*HS******,2021-12-20 09:03:24,0,6,TRAILER,13506,"STOUGHTON TRAILERS, INC.",3414,STOUGHTON TRAILERS,7701,Stoughton trailers,2017,,,6,UNITED STATES (USA),WISCONSIN,STOUGHTON,"Stoughton Trailers, INC",,61,Trailer,,,,,36,Van Trailer,4,Straight Semi/Semi Trailer,53.000,,2,,
201700359096,1,1,1M9FS482*EC692***,2021-12-20 09:03:24,0,6,TRAILER,8475,"MASTER SOLUTIONS, INC.",4249,MASTER SOLUTIONS,9030,Master Solutions,2014,,,6,UNITED STATES (USA),PENNSYLVANIA,CARLISLE,,,61,Trailer,,,,,6,Flat Bed Trailer/Platform Trailer,,,48.000,Body Type: Special Use Trailer,2,,
201700360108,1,1,5MAMN482*EC******,2021-12-20 09:03:24,0,6,TRAILER,5950,"MAC TRAILER MFG, INC.",6826,MAC TRAILER MANUFACTURING,18288,MAC TRAILER MANUFACTURING,2014,,,6,UNITED STATES (USA),OHIO,ALLIANCE,,Commerce Street,61,Trailer,,,,,101,Other,,,48.000,No Frame,2,,
201700360962,1,1,1GRAA062*GB******,2021-12-20 09:03:24,0,6,TRAILER,1073,GREAT DANE TRAILERS,520,GREAT DANE TRAILERS,13436,Great Dane Trailers,2016,,,6,UNITED STATES (USA),INDIANA,BRAZIL,,,61,Trailer,,,,,,,4,Straight Semi/Semi Trailer,53.000,Dry Freight Van / Reefer Van / Insulated Van,2,,
201700363951,3,1,1UYFS248*CA******,2021-12-20 09:03:24,0,6,TRAILER,10289,UTILITY TRAILER MANUFACTURING COMPANY,10138,UTILITY TRAILER MANUFACTURER,26222,Utility Trailer Manufacturer,2012,,,6,UNITED STATES (USA),ALABAMA,ENTERPRISE,,,61,Trailer,,,,,6,Flat Bed Trailer/Platform Trailer,4,Straight Semi/Semi Trailer,48.000,,2,,
201700365054,1,1,3H3C492S*PT******,2021-12-20 09:03:24,0,6,TRAILER,14282,"HYUNDAI DE MEXICO, S.A. DE C.V.",4876,HYUNDAI TRANSLEAD TRAILERS,11496,Hyundai Translead Trailers,1993,,,12,MEXICO,BAJA CALIFORNIA,TIJUANA,,,61,Trailer,,,,,109,Container Chassis/Container Trailer,,,49.000,Material: Steel,2,,
201700367619,4,1,1JJV532D*JL******,2021-12-20 09:03:24,0,6,TRAILER,14508,WABASH NATIONAL CORPORATION,4847,WABASH NATIONAL CORPORATION,10942,Dry Van Duraplate,2018,,,6,UNITED STATES (USA),INDIANA,LAFAYETTE,,,61,Trailer,,,,,36,Van Trailer,,,53.000,,2,,
201700368718,1,1,5HTSN422*G7******,2021-12-20 09:03:25,0,6,TRAILER,5564,"HEIL TRAILER INTERNATIONAL, CO",2365,"HEIL TRAILER INTERNATIONAL, CO.",6142,"Heil Trailer International, Co.",2016,,,6,UNITED STATES (USA),TENNESSEE,ATHENS,,,61,Trailer,,,,,15,Tank Trailer,4,Straight Semi/Semi Trailer,42.000,AL NON SPEC.,2,,
201700372349,1,1,5BSCB182*YC******,2021-12-20 09:03:25,0,6,TRAILER,5378,"HORSE CREEK MANUFACTURING & FABRICATION, INC.",1664,HORSE CREEK MANUFACTURING,5698,Horse Creek Manufacturing,2000,,,6,UNITED STATES (USA),TEXAS,COOKVILLE,,,61,Trailer,,,,,3,Car Hauler Trailer,,,18.000,Trailer Type: Channel Iron,2,,
201700373044,3,1,4WWFGB0B*5N******,2021-12-20 09:03:25,0,6,TRAILER,11681,WILSON TRAILER CO.,3855,WILSON TRAILER CO.,8390,Wilson Trailer Co.,2005,ALUMINUM CROSSBAR - 18 INCH CENTERS (CF-CFD),,6,UNITED STATES (USA),MISSOURI,MOBERLY,Plant 6,,61,Trailer,,,,,6,Flat Bed Trailer/Platform Trailer,,,52.000,Type of Trailer: CENTER FRAME DROPDECK - (CFD),2,,
201700376594,1,1,LJRC5426*F1******,2021-12-20 09:03:25,0,6,TRAILER,9950,"CIMC VEHICLES GROUP CO., LTD.",4101,CIMC VEHICLES GROUP CO,8811,CIMC VEHICLES GROUP CO,2015,,,8,CHINA,,SHENZHEN,,"GVWR = 30,000-34,990kg",61,Trailer,9,"Class 8: 33,001 lb and above (14,969 kg and above)",,,109,Container Chassis/Container Trailer,,,54.000,,2,,
201700378419,4,1,5VUTV172*EP******,2021-12-20 09:03:25,0,6,TRAILER,9208,"WYLIE & SON, INC. DBA WYLIE MANUFACTURING",4488,WYLIE,9441,Wylie,2014,,,6,UNITED STATES (USA),TEXAS,PETERSBURG,,,61,Trailer,,,,,,,,,17.000,Trailer Type: Tag Trailer,2,,
201700383314,2,1,3H3C412S*TT******,2021-12-20 09:03:25,0,6,TRAILER,14282,"HYUNDAI DE MEXICO, S.A. DE C.V.",4876,HYUNDAI TRANSLEAD TRAILERS,11496,Hyundai Translead Trailers,1996,,,12,MEXICO,BAJA CALIFORNIA,TIJUANA,,,61,Trailer,,,,,109,Container Chassis/Container Trailer,,,41.000,Material: Steel,2,,
201700383714,2,1,1PT011AH*Y9******,2021-12-20 09:03:25,0,6,TRAILER,3233,TRAILMOBILE (PULLMAN INCORPORATED),6072,TRAILMOBILE,15904,Trailmobile Trailer,2000,Optimum,,6,UNITED STATES (USA),ILLINOIS,CHARLESTON,,,61,Trailer,,,,,,,,,,Straight Frame,,3,Tandem
201700386661,2,1,1JJV532W*1L******,2021-12-20 09:03:25,0,6,TRAILER,14508,WABASH NATIONAL CORPORATION,4847,WABASH NATIONAL CORPORATION,13327,Wabash National Corporation,2001,,,6,UNITED STATES (USA),INDIANA,LAFAYETTE,,,61,Trailer,,,,,36,Van Trailer,,,53.000,,2,,
201700402495,2,1,1GRAA062*5K******,2021-12-20 09:03:25,0,6,TRAILER,1073,GREAT DANE TRAILERS,520,GREAT DANE TRAILERS,13436,Great Dane Trailers,2005,,,6,UNITED STATES (USA),ILLINOIS,KEWANEE,,Effective 01/01/00,61,Trailer,,,,,36,Van Trailer,4,Straight Semi/Semi Trailer,53.000,Trailer Type = Dry Freight/ Reefer/ Insulated Van,2,,
201700409676,1,1,1GRAA062*BB******,2021-12-20 09:03:25,0,6,TRAILER,1073,GREAT DANE TRAILERS,520,GREAT DANE TRAILERS,13436,Great Dane Trailers,2011,,,6,UNITED STATES (USA),INDIANA,BRAZIL,,,61,Trailer,,,,,36,Van Trailer,4,Straight Semi/Semi Trailer,53.000,Trailer Type = Dry Freight/ Reefer/ Insulated Van,2,,
201700429904,1,1,1JJV281D*GL******,2021-12-20 09:03:26,0,6,TRAILER,14508,WABASH NATIONAL CORPORATION,4847,WABASH NATIONAL CORPORATION,10942,Dry Van Duraplate,2016,,,6,UNITED STATES (USA),INDIANA,LAFAYETTE,,,61,Trailer,,,,,36,Van Trailer,,,28.000,,1,,
201700429904,1,2,1JJV281D*FL******,2021-12-20 09:03:26,0,6,TRAILER,14508,WABASH NATIONAL CORPORATION,4847,WABASH NATIONAL CORPORATION,10942,Dry Van Duraplate,2015,,,6,UNITED STATES (USA),INDIANA,LAFAYETTE,,,61,Trailer,,,,,36,Van Trailer,,,28.000,,1,,
201700431832,1,1,5JW2U302*H3******,2021-12-20 09:03:26,0,6,TRAILER,9916,NOVAE CORPORATION,2410,SURE-TRAC,6193,Sure-Trac Trailers,2017,,,6,UNITED STATES (USA),INDIANA,COLUMBIA CITY,,,61,Trailer,,,,,16,Utility Trailer,2,Pintle Hitch/Hook,30.000,Open Body,2,,
201700444657,4,1,10BFB723*EF******,2021-12-20 09:03:26,0,6,TRAILER,5083,BRENNER TANK LLC,6976,BRENNER/BEALL/LAFAYETTE,21581,DOT 407,2014,,,6,UNITED STATES (USA),WISCONSIN,FOND DU LAC,,,61,Trailer,,,,,,,,,,Type of Material: Stainless Steel,2,,
201700460022,2,1,5HTAB453*V7******,2021-12-20 09:03:26,0,6,TRAILER,5564,"HEIL TRAILER INTERNATIONAL, CO",2365,"HEIL TRAILER INTERNATIONAL, CO.",6142,"Heil Trailer International, Co.",1997,,,6,UNITED STATES (USA),TENNESSEE,ATHENS,,Body Shape: Straight Elliptical,61,Trailer,,,,,15,Tank Trailer,,,45.000,AL 306/406,3,,
201701118171,1,1,5EF2GC53*CB******,2021-12-20 09:03:26,0,6,TRAILER,4094,CHEETAH CHASSIS CORPORATION,4029,CHEETAH CHASSIS,8699,CHEETAH CHASSIS,2012,,,6,UNITED STATES (USA),PENNSYLVANIA,BERWICK,,,61,Trailer,,,,,46,Chassis,3,Gooseneck,53.000,,2,,
201701119148,2,1,1UYVS253*FU******,2021-12-20 09:03:26,0,6,TRAILER,10289,UTILITY TRAILER MANUFACTURING COMPANY,10138,UTILITY TRAILER MANUFACTURER,26222,Utility Trailer Manufacturer,2015,,,6,UNITED STATES (USA),UTAH,CLEARFIELD,,,61,Trailer,,,,,36,Van Trailer,4,Straight Semi/Semi Trailer,53.000,,2,,
201701119978,2,1,1DW1A402*DS******,2021-12-20 09:03:26,0,6,TRAILER,13506,"STOUGHTON TRAILERS, INC.",3414,STOUGHTON TRAILERS,7701,Stoughton trailers,2013,,,6,UNITED STATES (USA),WISCONSIN,STOUGHTON,"Stoughton Trailers, INC",,61,Trailer,,,,,36,Van Trailer,4,Straight Semi/Semi Trailer,40.000,,2,,
201701122322,1,1,1PT01ACH*29******,2021-12-20 09:03:26,0,6,TRAILER,3233,TRAILMOBILE (PULLMAN INCORPORATED),6072,TRAILMOBILE,15904,Trailmobile Trailer,2002,Optimum,,6,UNITED STATES (USA),ILLINOIS,CHARLESTON,,,61,Trailer,,,,,,,,,,Straight Frame,,3,Tandem
201701122603,1,1,1PMA2442*65******,2021-12-20 09:03:26,0,6,TRAILER,6179,"POLAR TANK TRAILER, LLC",2921,POLAR TANK TRAILER,6874,Polar Tank Trailer,2006,,,6,UNITED STATES (USA),MISSOURI,SPRINGFIELD,,,61,Trailer,,,,,15,Tank Trailer,30,Other,44.000,Vessel Code: DOT 406,2,,
201701137342,1,1,1JJV532W*8L******,2021-12-20 09:03:26,0,6,TRAILER,14508,WABASH NATIONAL CORPORATION,4847,WABASH NATIONAL CORPORATION,13327,Wabash National Corporation,2008,,,6,UNITED STATES (USA),INDIANA,LAFAYETTE,,,61,Trailer,,,,,36,Van Trailer,,,53.000,,2,,
201701138602,1,1,1GRDM962*RM******,2021-12-20 09:03:26,0,6,TRAILER,1073,GREAT DANE TRAILERS,520,GREAT DANE TRAILERS,13436,Great Dane Trailers,1994,,,6,UNITED STATES (USA),TENNESSEE,MEMPHIS,,,61,Trailer,,,,,61,Drop Deck Trailer,4,Straight Semi/Semi Trailer,48.000,Body Type = Straight Deck/ Extendable,2,,
201701180262,1,1,1JJV532W*5L******,2021-12-20 09:03:27,0,6,TRAILER,14508,WABASH NATIONAL CORPORATION,4847,WABASH NATIONAL CORPORATION,13327,Wabash National Corporation,2005,,,6,UNITED STATES (USA),INDIANA,LAFAYETTE,,,61,Trailer,,,,,36,Van Trailer,,,53.000,,2,,
201701221041,1,1,1JJV532W*1L******,2021-12-20 09:03:27,0,6,TRAILER,14508,WABASH NATIONAL CORPORATION,4847,WABASH NATIONAL CORPORATION,13327,Wabash National Corporation,2001,,,6,UNITED STATES (USA),INDIANA,LAFAYETTE,,,61,Trailer,,,,,36,Van Trailer,,,53.000,,2,,
201701223442,2,1,1W9GU102*5L364***,2021-12-20 09:03:27,0,6,TRAILER,9206,WYATT'S TRAILER SALES,7672,WYATT'S,20667,Wyatt's Trailer,2005,,,6,UNITED STATES (USA),TEXAS,LONGVIEW,,,61,Trailer,,,,,16,Utility Trailer,3,Gooseneck,10.000,,2,,
201701223713,2,1,5GXSL202*6M******,2021-12-20 09:03:27,0,6,TRAILER,6452,MAXEY WELDING,2226,MAXEY WELDING,6019,Maxey Welding,2006,,,6,UNITED STATES (USA),TEXAS,BROOKSTON,,,61,Trailer,,,,,17,Landscape Trailer,,,20.000,Superlight-duty,2,,
201701224315,1,1,5V8VA532*6M******,2021-12-20 09:03:27,0,6,TRAILER,16522,VANGUARD NATIONAL TRAILER CORPORATION (VNTC),6474,VANGUARD NATIONAL TRAILER CORPORATION (VNTC),17782,VANGUARD NATIONAL TRAILER CORPORATION (VNTC),2006,,,6,UNITED STATES (USA),INDIANA,MONON,,,61,Trailer,,,,,,,,,53.000,Interior Post Aluminum Semi Trailer,2,3,Tandem
201701226070,1,1,1DW1A532*GS******,2021-12-20 09:03:27,0,6,TRAILER,13506,"STOUGHTON TRAILERS, INC.",3414,STOUGHTON TRAILERS,7701,Stoughton trailers,2016,,,6,UNITED STATES (USA),WISCONSIN,STOUGHTON,"Stoughton Trailers, INC",,61,Trailer,,,,,36,Van Trailer,4,Straight Semi/Semi Trailer,53.000,,2,,
201701233724,1,1,145D412S*K9******,2021-12-20 09:03:27,0,6,TRAILER,15105,"HYUNDAI STEEL INDUSTRIES, INC.",5048,"HYUNDAI STEEL INDUSTRIES, INC.",12435,"Hyundai Steel Industries, Inc.",2019,,,6,UNITED STATES (USA),CALIFORNIA,LONG BEACH,,,61,Trailer,,,,,4,Dump Trailer/Dumping Trailer,,,41.000,Material: Steel,2,,
201701236454,2,1,3H3V532C*WT******,2021-12-20 09:03:27,0,6,TRAILER,14282,"HYUNDAI DE MEXICO, S.A. DE C.V.",4876,HYUNDAI TRANSLEAD TRAILERS,11496,Hyundai Translead Trailers,1998,,,12,MEXICO,BAJA CALIFORNIA,TIJUANA,,,61,Trailer,,,,,36,Van Trailer,,,53.000,Material: Aluminum/Steel,2,,
201701240589,2,1,1JJV532D*FL******,2021-12-20 09:03:27,0,6,TRAILER,14508,WABASH NATIONAL CORPORATION,4847,WABASH NATIONAL CORPORATION,10942,Dry Van Duraplate,2015,,,6,UNITED STATES (USA),INDIANA,LAFAYETTE,,,61,Trailer,,,,,36,Van Trailer,,,53.000,,2,,
201701240875,1,1,1JJV532D*DL******,2021-12-20 09:03:27,0,6,TRAILER,14508,WABASH NATIONAL CORPORATION,4847,WABASH NATIONAL CORPORATION,10942,Dry Van Duraplate,2013,,,6,UNITED STATES (USA),INDIANA,LAFAYETTE,,,61,Trailer,,,,,36,Van Trailer,,,53.000,,2,,
201701240939,1,1,3H3V532C*HT******,2021-12-20 09:03:27,0,6,TRAILER,14282,"HYUNDAI DE MEXICO, S.A. DE C.V.",4876,HYUNDAI TRANSLEAD TRAILERS,11496,Hyundai Translead Trailers,2017,,,12,MEXICO,BAJA CALIFORNIA,TIJUANA,,,61,Trailer,,,,,36,Van Trailer,,,53.000,Material: Aluminum/Steel,2,,
201701241544,2,1,3H3V532C*FT******,2021-12-20 09:03:27,0,6,TRAILER,14282,"HYUNDAI DE MEXICO, S.A. DE C.V.",4876,HYUNDAI TRANSLEAD TRAILERS,11496,Hyundai Translead Trailers,2015,,,12,MEXICO,BAJA CALIFORNIA,TIJUANA,,,61,Trailer,,,,,36,Van Trailer,,,53.000,Material: Aluminum/Steel,2,,
201701241870,2,1,4P5D7142*F1******,2021-12-20 09:03:27,0,6,TRAILER,16013,"PJ TRAILERS MANUFACTURING, INC.",6060,PJ,28324,PJ,2015,,,6,UNITED STATES (USA),TEXAS,SUMNER,,,61,Trailer,,,,,4,Dump Trailer/Dumping Trailer,30,Other,14.000,Variable HITCH based on Size/Type of Trailer,2,,
201701262369,2,1,1JJV532D*EL******,2021-12-20 09:03:27,0,6,TRAILER,14508,WABASH NATIONAL CORPORATION,4847,WABASH NATIONAL CORPORATION,10942,Dry Van Duraplate,2014,,,6,UNITED STATES (USA),INDIANA,LAFAYETTE,,,61,Trailer,,,,,36,Van Trailer,,,53.000,,2,,
201701262441,1,1,1GRAP561*GK******,2021-12-20 09:03:28,0,6,TRAILER,1073,GREAT DANE TRAILERS,520,GREAT DANE TRAILERS,13436,Great Dane Trailers,2016,,,6,UNITED STATES (USA),ILLINOIS,KEWANEE,,,61,Trailer,,,,,,,4,Straight Semi/Semi Trailer,28.000,Dry Freight Van / Reefer Van / Insulated Van,1,,
201701262441,1,2,1GRAP561*GK******,2021-12-20 09:03:28,0,6,TRAILER,1073,GREAT DANE TRAILERS,520,GREAT DANE TRAILERS,13436,Great Dane Trailers,2016,,,6,UNITED STATES (USA),ILLINOIS,KEWANEE,,,61,Trailer,,,,,,,4,Straight Semi/Semi Trailer,28.000,Dry Freight Van / Reefer Van / Insulated Van,1,,
201701262532,2,1,1UYVS253*GM******,2021-12-20 09:03:28,0,6,TRAILER,10289,UTILITY TRAILER MANUFACTURING COMPANY,10138,UTILITY TRAILER MANUFACTURER,26222,Utility Trailer Manufacturer,2016,,,6,UNITED STATES (USA),VIRGINIA,MARION,,,61,Trailer,,,,,36,Van Trailer,4,Straight Semi/Semi Trailer,53.000,,2,,
201701262833,1,1,1GRDM962*FH******,2021-12-20 09:03:28,0,6,TRAILER,1073,GREAT DANE TRAILERS,520,GREAT DANE TRAILERS,13436,Great Dane Trailers,2015,,,6,UNITED STATES (USA),TENNESSEE,HUNTSVILLE,,,61,Trailer,,,,,,,4,Straight Semi/Semi Trailer,48.000,Platform,2,,
201701263160,1,1,1K9500V3*31160***,2021-12-20 09:03:28,0,6,TRAILER,1631,KIBBI LLC,10262,KIBBI,27058,Kibbi,2003,,,6,UNITED STATES (USA),INDIANA,BRISTOL,,,61,Trailer,,,,,16,Utility Trailer,1,Ball Type Pull,53.000,,3,,
201701263160,2,1,1JJV532D*EL******,2021-12-20 09:03:28,0,6,TRAILER,14508,WABASH NATIONAL CORPORATION,4847,WABASH NATIONAL CORPORATION,10942,Dry Van Duraplate,2014,,,6,UNITED STATES (USA),INDIANA,LAFAYETTE,,,61,Trailer,,,,,36,Van Trailer,,,53.000,,2,,
201701263346,2,1,1JJV532W*3L******,2021-12-20 09:03:28,0,6,TRAILER,14508,WABASH NATIONAL CORPORATION,4847,WABASH NATIONAL CORPORATION,13327,Wabash National Corporation,2003,,,6,UNITED STATES (USA),INDIANA,LAFAYETTE,,,61,Trailer,,,,,36,Van Trailer,,,53.000,,2,,
201701264591,1,1,1PT01ANH*V9******,2021-12-20 09:03:28,0,6,TRAILER,3233,TRAILMOBILE (PULLMAN INCORPORATED),6072,TRAILMOBILE,15904,Trailmobile Trailer,1997,Optimum,,6,UNITED STATES (USA),ILLINOIS,CHARLESTON,,,61,Trailer,,,,,,,,,,Straight Frame,,3,Tandem
201701264759,1,1,1GRAP062*GT******,2021-12-20 09:03:28,0,6,TRAILER,1073,GREAT DANE TRAILERS,520,GREAT DANE TRAILERS,13436,Great Dane Trailers,2016,,,6,UNITED STATES (USA),INDIANA,TERRE HAUTE,,,61,Trailer,,,,,,,4,Straight Semi/Semi Trailer,53.000,Dry Freight Van / Reefer Van / Insulated Van,2,,
201701268547,2,1,5C2BB32B*YM******,2021-12-20 09:03:28,0,6,TRAILER,15683,"CLEMENT INDUSTRIES, INC.",5405,CLEMENT INDUSTRIES,13961,Clement,2000,,,6,UNITED STATES (USA),LOUISIANA,MINDEN,"Clement Industries, Inc",,61,Trailer,,,,,101,Other,4,Straight Semi/Semi Trailer,32.000,Tandem Axle,2,,
201701268595,1,1,1RNF45A2*6R******,2021-12-20 09:03:28,0,6,TRAILER,3579,"REITNOUER, INC.",5594,REITNOUER INC,14493,Reitnouer Inc Trailers,2006,,,6,UNITED STATES (USA),PENNSYLVANIA,READING,,,61,Trailer,9,"Class 8: 33,001 lb and above (14,969 kg and above)",,,6,Flat Bed Trailer/Platform Trailer,6,Kingpin,45.000,Airride,2,,
201701268622,2,1,3H3V532C*HT******,2021-12-20 09:03:28,1,6,TRAILER,14282,"HYUNDAI DE MEXICO, S.A. DE C.V.",4876,HYUNDAI TRANSLEAD TRAILERS,11496,Hyundai Translead Trailers,2017,,,12,MEXICO,BAJA CALIFORNIA,TIJUANA,,,61,Trailer,,,,,36,Van Trailer,,,53.000,Material: Aluminum/Steel,2,,
201701268910,2,1,1TKHA422*AB******,2021-12-20 09:03:28,0,6,TRAILER,13498,TRAIL KING INDUSTRIES,3251,TRAIL KING INDUSTRIES,7386,TRAIL KING INDUSTRIES,2010,,,6,UNITED STATES (USA),PENNSYLVANIA,BROOKVILLE,,Configuration: Position not used at this time.,61,Trailer,,,,,111,Special Design Trailer,,,42.000,"Trailer Length: Inverted Hoist= Add 2FT( but leave the unit part # as is)   Extend Apron = Add 1 Ft( if apron 14"" extended floor plate)",2,,
201701276244,2,1,1GRAA062*4B******,2021-12-20 09:03:29,0,6,TRAILER,1073,GREAT DANE TRAILERS,520,GREAT DANE TRAILERS,13436,Great Dane Trailers,2004,,,6,UNITED STATES (USA),INDIANA,BRAZIL,,,61,Trailer,,,,,36,Van Trailer,4,Straight Semi/Semi Trailer,53.000,Trailer Type = Dry Freight/ Reefer/ Insulated Van,2,,
201701276434,1,1,1W1MAF1A*WA******,2021-12-20 09:03:29,1,6,TRAILER,11681,WILSON TRAILER CO.,3855,WILSON TRAILER CO.,8390,Wilson Trailer Co.,1998,RIDGE STRAPS - ROLL TARP,,6,UNITED STATES (USA),IOWA,SIOUX CITY,PLANT 2,,61,Trailer,,,,,33,Grain Trailer,,,43.000,AXLES: TWO AIR-RIDE,2,,
201701279416,2,1,13N1482C*G1******,2021-12-20 09:03:29,0,6,TRAILER,12268,FONTAINE COMMERCIAL PLATFORM,1128,FONTAINE TRAILER CO.,4416,Fontaine Trailer Co.,2016,,,6,UNITED STATES (USA),ALABAMA,HALEYVILLE,,Optional Features: Sliding Suspension,61,Trailer,,,,,6,Flat Bed Trailer/Platform Trailer,,,48.000,,2,,
201701286482,1,1,13N2532C*E1******,2021-12-20 09:03:29,0,6,TRAILER,12268,FONTAINE COMMERCIAL PLATFORM,1128,FONTAINE TRAILER CO.,4416,Fontaine Trailer Co.,2014,,,6,UNITED STATES (USA),ALABAMA,HALEYVILLE,,Optional Features: Sliding Suspension,61,Trailer,,,,,61,Drop Deck Trailer,,,53.000,,2,,
201701287141,1,1,1GRAA062*DK******,2021-12-20 09:03:29,0,6,TRAILER,1073,GREAT DANE TRAILERS,520,GREAT DANE TRAILERS,13436,Great Dane Trailers,2013,,,6,UNITED STATES (USA),ILLINOIS,KEWANEE,,,61,Trailer,,,,,,,4,Straight Semi/Semi Trailer,53.000,Dry Freight Van / Reefer Van / Insulated Van,2,,
201701297156,2,1,1R9PF202*FM356***,2021-12-20 09:03:29,0,6,TRAILER,3016,ROLLS RITE TRAILERS,6238,ROLLS RITE TRAILERS INC,17305,Rolls Rite Trailers Inc,2015,,,6,UNITED STATES (USA),FLORIDA,MARIANNA,,,61,Trailer,,,,,6,Flat Bed Trailer/Platform Trailer,2,Pintle Hitch/Hook,20.000,,2,,
201701297283,2,1,1K9BA081*5T244***,2021-12-20 09:03:29,0,6,TRAILER,8603,"K & K SYSTEMS, INC.",6391,"K & K SYSTEMS, INC.",29524,"K & K SYSTEMS, INC.",2005,,,6,UNITED STATES (USA),MISSISSIPPI,TUPELO,,,61,Trailer,,,,,,,1,Ball Type Pull,8.000,Arrow Board,1,,
201701331249,2,1,1UYVS236*BM******,2021-12-20 09:03:29,0,6,TRAILER,10289,UTILITY TRAILER MANUFACTURING COMPANY,10138,UTILITY TRAILER MANUFACTURER,26222,Utility Trailer Manufacturer,2011,,,6,UNITED STATES (USA),VIRGINIA,MARION,,,61,Trailer,,,,,36,Van Trailer,4,Straight Semi/Semi Trailer,36.000,,2,,
201701339244,2,1,10BEA923*EF******,2021-12-20 09:03:29,0,6,TRAILER,5083,BRENNER TANK LLC,6976,BRENNER/BEALL/LAFAYETTE,21580,DOT 406,2014,,,6,UNITED STATES (USA),WISCONSIN,FOND DU LAC,,,61,Trailer,,,,,,,,,,Type of Material: Aluminum,2,,
201701344589,2,1,1UYVS253*FP******,2021-12-20 09:03:29,0,6,TRAILER,10289,UTILITY TRAILER MANUFACTURING COMPANY,10138,UTILITY TRAILER MANUFACTURER,26222,Utility Trailer Manufacturer,2015,,,6,UNITED STATES (USA),ARKANSAS,PARAGOULD,,,61,Trailer,,,,,36,Van Trailer,4,Straight Semi/Semi Trailer,53.000,,2,,
201701349161,1,1,55YBC242*EN******,2021-12-20 09:03:29,0,6,TRAILER,1235,CYNERGY CARGO LLC,661,CYNERGY CARGO,3736,Cynergy Cargo,2014,,,6,UNITED STATES (USA),GEORGIA,NASHVILLE,,,61,Trailer,,,,,3,Car Hauler Trailer,1,Ball Type Pull,24.000,,2,,
201701350321,1,1,1GRAA902*AD******,2021-12-20 09:03:30,0,6,TRAILER,1073,GREAT DANE TRAILERS,520,GREAT DANE TRAILERS,13436,Great Dane Trailers,2010,,,6,UNITED STATES (USA),PENNSYLVANIA,DANVILLE,,Effective 12/01/01,61,Trailer,,,,,36,Van Trailer,4,Straight Semi/Semi Trailer,45.000,Trailer Type = Dry Freight/ Reefer/ Insulated Van,2,,
201701357867,1,1,1GRAA962*9B******,2021-12-20 09:03:30,0,6,TRAILER,1073,GREAT DANE TRAILERS,520,GREAT DANE TRAILERS,13436,Great Dane Trailers,2009,,,6,UNITED STATES (USA),INDIANA,BRAZIL,,,61,Trailer,,,,,36,Van Trailer,4,Straight Semi/Semi Trailer,48.000,Trailer Type = Dry Freight/ Reefer/ Insulated Van,2,,
201701369442,2,1,1E1D1P38*6R******,2021-12-20 09:03:30,0,6,TRAILER,5338,EAST MANUFACTURING CORP.,1334,EAST MANUFACTURING CORP.,4686,East Manufacturing Corp,2006,,,6,UNITED STATES (USA),OHIO,RANDOLPH,,,61,Trailer,9,"Class 8: 33,001 lb and above (14,969 kg and above)",,,4,Dump Trailer/Dumping Trailer,30,Other,32.000,Steel Frame,3,,
201701369506,2,1,1TTF4820*52******,2021-12-20 09:03:30,0,6,TRAILER,8231,TRANSCRAFT CORPORATION,10511,TRANSCRAFT,28401,Transcraft,2005,,,6,UNITED STATES (USA),KENTUCKY,MOUNT STERLING,,,61,Trailer,,,,,6,Flat Bed Trailer/Platform Trailer,6,Kingpin,48.000,Platform,2,,
201701370425,3,1,5UZBE142*9D******,2021-12-20 09:03:30,0,6,TRAILER,8466,BENDRON ENTERPRISES,1318,DIAMOND CARGO,4667,Diamond Cargo,2009,,,6,UNITED STATES (USA),GEORGIA,DOUGLAS,Bendron Enterprises,,61,Trailer,,,,,5,Enclosed Trailer,1,Ball Type Pull,14.000,,2,,
201701373961,2,1,1S12E948*7E******,2021-12-20 09:03:30,0,6,TRAILER,14956,"STRICK TRAILERS, LLC",4977,STRICK COMMERCIAL TRAILER,12176,Strick Commercial Trailer,2007,Smooth Side,,6,UNITED STATES (USA),,MONROE,,,61,Trailer,,,,,,,4,Straight Semi/Semi Trailer,48.000,Dry Freight Van,2,3,Tandem
201701375545,1,1,3H3V532C*HT******,2021-12-20 09:03:30,0,6,TRAILER,14282,"HYUNDAI DE MEXICO, S.A. DE C.V.",4876,HYUNDAI TRANSLEAD TRAILERS,11496,Hyundai Translead Trailers,2017,,,12,MEXICO,BAJA CALIFORNIA,TIJUANA,,,61,Trailer,,,,,36,Van Trailer,,,53.000,Material: Aluminum/Steel,2,,
201701388887,1,1,5GLBU162*GC******,2021-12-20 09:03:30,0,6,TRAILER,15975,G.T. EXPRESS ENTERPRISES. INC.,5570,EXPRESS TRAILERS INC,14388,Express Trailers Inc,2016,,,6,UNITED STATES (USA),FLORIDA,CLEARWATER,,,61,Trailer,,,,,16,Utility Trailer,14,Bumper Pull,16.000,,2,,
201701389170,1,1,1JJV532D*HL******,2021-12-20 09:03:30,0,6,TRAILER,14508,WABASH NATIONAL CORPORATION,4847,WABASH NATIONAL CORPORATION,10942,Dry Van Duraplate,2017,,,6,UNITED STATES (USA),INDIANA,LAFAYETTE,,,61,Trailer,,,,,36,Van Trailer,,,53.000,,2,,
201701390674,1,1,3H3V281C*5T******,2021-12-20 09:03:30,0,6,TRAILER,14282,"HYUNDAI DE MEXICO, S.A. DE C.V.",4876,HYUNDAI TRANSLEAD TRAILERS,11496,Hyundai Translead Trailers,2005,,,12,MEXICO,BAJA CALIFORNIA,TIJUANA,,,61,Trailer,,,,,36,Van Trailer,,,28.000,Material: Aluminum/Steel,1,,
201701391506,2,1,1jjv482w*8l******,2021-12-20 09:03:30,0,6,TRAILER,14508,WABASH NATIONAL CORPORATION,4847,WABASH NATIONAL CORPORATION,13327,Wabash National Corporation,2008,,,6,UNITED STATES (USA),INDIANA,LAFAYETTE,,,61,Trailer,,,,,36,Van Trailer,,,48.000,,2,,
201701391665,1,1,4zech182*d1******,2021-12-20 09:03:31,0,6,TRAILER,3684,LOAD TRAIL LLC,2111,LOAD TRAIL,5874,Load Trail,2013,,,6,UNITED STATES (USA),TEXAS,SUMNER,,,61,Trailer,,,,,3,Car Hauler Trailer,,,18.000,,2,,
201701394475,1,1,3CVU7121*G2******,2021-12-20 09:03:31,0,6,TRAILER,20774,"PJ TRAILERS COMPANY, S.A. DE C.V.",11137,"PJ TRAILERS COMPANY, S.A. DE C.V.",29070,Channel Utility,2016,,"77"" Channel Utility",12,MEXICO,CHIHUAHUA,CUAUHTEMOC,,,61,Trailer,,,,,16,Utility Trailer,,,12.000,,1,,
201701398670,2,1,13N14820*H1******,2021-12-20 09:03:31,0,6,TRAILER,12268,FONTAINE COMMERCIAL PLATFORM,1128,FONTAINE TRAILER CO.,4416,Fontaine Trailer Co.,2017,,,6,UNITED STATES (USA),ALABAMA,HALEYVILLE,,Optional Features: None,61,Trailer,,,,,6,Flat Bed Trailer/Platform Trailer,,,48.000,,2,,
201701400711,1,1,1UYVS253*GG******,2021-12-20 09:03:31,0,6,TRAILER,10289,UTILITY TRAILER MANUFACTURING COMPANY,10138,UTILITY TRAILER MANUFACTURER,26222,Utility Trailer Manufacturer,2016,,,6,UNITED STATES (USA),VIRGINIA,GLADE SPRING,,,61,Trailer,,,,,36,Van Trailer,4,Straight Semi/Semi Trailer,53.000,,2,,
201701401051,2,1,1JJV532W*7L******,2021-12-20 09:03:31,0,6,TRAILER,14508,WABASH NATIONAL CORPORATION,4847,WABASH NATIONAL CORPORATION,13327,Wabash National Corporation,2007,,,6,UNITED STATES (USA),INDIANA,LAFAYETTE,,,61,Trailer,,,,,36,Van Trailer,,,53.000,,2,,
201701401051,3,1,1MT2N502*EH******,2021-12-20 09:03:31,0,6,TRAILER,8092,MERRITT TRAILERS INC.,2353,MERRITT,29522,Merritt,2014,,,6,UNITED STATES (USA),COLORADO,HENDERSON,Merritt Equipment Co.,,61,Trailer,,,,,13,Livestock Trailer,4,Straight Semi/Semi Trailer,50.000,,2,,
201701401442,2,1,5YCBE162*FH******,2021-12-20 09:03:31,0,6,TRAILER,9309,"ARISING INDUSTRIES, INC",852,"ARISING INDUSTRIES, INC",4036,"ARISING INDUSTRIES, INC",2015,,,6,UNITED STATES (USA),GEORGIA,HAZLEHURST,,,61,Trailer,,,,,5,Enclosed Trailer,1,Ball Type Pull,16.000,,2,,
201701412343,1,1,1JJV532W*7L******,2021-12-20 09:03:31,0,6,TRAILER,14508,WABASH NATIONAL CORPORATION,4847,WABASH NATIONAL CORPORATION,13327,Wabash National Corporation,2007,,,6,UNITED STATES (USA),INDIANA,LAFAYETTE,,,61,Trailer,,,,,36,Van Trailer,,,53.000,,2,,
201701412738,4,1,1JJV482C*LL******,2021-12-20 09:03:31,0,6,TRAILER,14508,WABASH NATIONAL CORPORATION,4847,WABASH NATIONAL CORPORATION,10947,Tank Code,2020,,,6,UNITED STATES (USA),INDIANA,LAFAYETTE,,,61,Trailer,,,,,36,Van Trailer,,,48.000,,2,,
201701413410,2,1,1DW1A452*GS******,2021-12-20 09:03:31,0,6,TRAILER,13506,"STOUGHTON TRAILERS, INC.",3414,STOUGHTON TRAILERS,7701,Stoughton trailers,2016,,,6,UNITED STATES (USA),WISCONSIN,STOUGHTON,"Stoughton Trailers, INC",,61,Trailer,,,,,36,Van Trailer,4,Straight Semi/Semi Trailer,45.000,,2,,
201701417428,2,1,1DVBH182*2K******,2021-12-20 09:03:31,0,6,TRAILER,2353,KIEFER BUILT INC.,5329,KIEFER-BUILT,13633,Kiefer-Built,2002,,,6,UNITED STATES (USA),IOWA,KANAWHA,Kiefer Built Inc.,,61,Trailer,,,,,101,Other,30,Other,18.000,Stockhandler/ Horse Handler,2,,
201701417797,1,1,48X1F372*21******,2021-12-20 09:03:31,0,6,TRAILER,10839,"TRAVIS BODY & TRAILER, INC.",3520,"TRAVIS BODY & TRAILER, INC.",7868,"TRAVIS BODY & TRAILER, INC.",2002,,,6,UNITED STATES (USA),TEXAS,HOUSTON,,,61,Trailer,,,,,4,Dump Trailer/Dumping Trailer,30,Other,37.000,Tumer ARx43,2,,
201701427728,1,1,5WKBE162*F1******,2021-12-20 09:03:31,0,6,TRAILER,9286,"FREEDOM TRAILERS, LLC",1220,"FREEDOM TRAILERS, LLC",4541,"Freedom Trailers, LLC",2015,,,6,UNITED STATES (USA),GEORGIA,WILLACOOCHEE,"Freedom Trailers, LLC",,61,Trailer,,,,,5,Enclosed Trailer,1,Ball Type Pull,16.000,,2,,
201701428597,1,1,1GDK7C1C*11******,2021-12-20 09:03:32,0,10,INCOMPLETE VEHICLE,984,GENERAL MOTORS LLC,472,GMC,13865,T-Series,2001,,Med. Tilt 86.0 BBC,6,UNITED STATES (USA),MISSOURI,WENTZVILLE,GM Truck Corp,Chassis Type: 2 axles - 1 driving,11,Truck,7,"Class 6: 19,501 - 26,000 lb (8,845 - 11,794 kg)",,,0,Not Applicable,0,Not Applicable,,,2,,
201701440024,1,1,1UYVS253*8U******,2021-12-20 09:03:32,0,6,TRAILER,10289,UTILITY TRAILER MANUFACTURING COMPANY,10138,UTILITY TRAILER MANUFACTURER,26222,Utility Trailer Manufacturer,2008,,,6,UNITED STATES (USA),UTAH,CLEARFIELD,,,61,Trailer,,,,,36,Van Trailer,4,Straight Semi/Semi Trailer,53.000,,2,,
201701440232,1,1,3H3V532C*DT******,2021-12-20 09:03:32,0,6,TRAILER,14282,"HYUNDAI DE MEXICO, S.A. DE C.V.",4876,HYUNDAI TRANSLEAD TRAILERS,11496,Hyundai Translead Trailers,2013,,,12,MEXICO,BAJA CALIFORNIA,TIJUANA,,,61,Trailer,,,,,36,Van Trailer,,,53.000,Material: Aluminum/Steel,2,,
201701440284,3,1,13N44830*C3******,2021-12-20 09:03:32,0,6,TRAILER,12268,FONTAINE COMMERCIAL PLATFORM,1128,FONTAINE TRAILER CO.,4416,Fontaine Trailer Co.,2012,,,6,UNITED STATES (USA),ALABAMA,SPRINGVILLE,,Optional Features: None,61,Trailer,,,,,,,,,48.000,Body Type:  Telescopic Flat Platform Trailer,3,,
201701440284,4,1,1JJV532W*5L******,2021-12-20 09:03:32,0,6,TRAILER,14508,WABASH NATIONAL CORPORATION,4847,WABASH NATIONAL CORPORATION,13327,Wabash National Corporation,2005,,,6,UNITED STATES (USA),INDIANA,LAFAYETTE,,,61,Trailer,,,,,36,Van Trailer,,,53.000,,2,,
201701440511,1,1,3H3V532C*GT******,2021-12-20 09:03:32,0,6,TRAILER,14282,"HYUNDAI DE MEXICO, S.A. DE C.V.",4876,HYUNDAI TRANSLEAD TRAILERS,11496,Hyundai Translead Trailers,2016,,,12,MEXICO,BAJA CALIFORNIA,TIJUANA,,,61,Trailer,,,,,36,Van Trailer,,,53.000,Material: Aluminum/Steel,2,,
201701440516,1,1,4YM5L081*GV******,2021-12-20 09:03:32,1,6,TRAILER,13315,"CARRY-ON TRAILER, INC.",4933,CARRY-ON TRAILER,12040,Carry-On Trailer,2016,,,6,UNITED STATES (USA),VIRGINIA,MONTROSS,,,61,Trailer,,,,,13,Livestock Trailer,5,Fifth Wheel,8.000,,1,,
201701440596,1,1,5V8VC532*CM******,2021-12-20 09:03:33,0,6,TRAILER,16522,VANGUARD NATIONAL TRAILER CORPORATION (VNTC),6474,VANGUARD NATIONAL TRAILER CORPORATION (VNTC),17782,VANGUARD NATIONAL TRAILER CORPORATION (VNTC),2012,,,6,UNITED STATES (USA),INDIANA,MONON,,,61,Trailer,,,,,,,,,53.000,Dry Freight Van,2,3,Tandem
201701440747,1,1,1MDCDYJ1*6A******,2021-12-20 09:03:33,0,6,TRAILER,3805,MIDWEST INDUSTRIES INC,6317,SHORELAND'R,24784,ShoreLand'r,2006,PWC1000,,6,UNITED STATES (USA),IOWA,IDA GROVE,,,61,Trailer,,,,,,,,,14.000,"NO.1 - 2090 MAX GAWR, 5.30X12-C TIRE SIZE, 12X4.0 J 80 PSI",1,,
201701450995,1,1,1UYVS253*GM******,2021-12-20 09:03:33,0,6,TRAILER,10289,UTILITY TRAILER MANUFACTURING COMPANY,10138,UTILITY TRAILER MANUFACTURER,26222,Utility Trailer Manufacturer,2016,,,6,UNITED STATES (USA),VIRGINIA,MARION,,,61,Trailer,,,,,36,Van Trailer,4,Straight Semi/Semi Trailer,53.000,,2,,
201701451312,1,1,1JJV532D*GL******,2021-12-20 09:03:33,0,6,TRAILER,14508,WABASH NATIONAL CORPORATION,4847,WABASH NATIONAL CORPORATION,10942,Dry Van Duraplate,2016,,,6,UNITED STATES (USA),INDIANA,LAFAYETTE,,,61,Trailer,,,,,36,Van Trailer,,,53.000,,2,,
201701452780,2,1,1GRAA062*9W******,2021-12-20 09:03:33,0,6,TRAILER,1073,GREAT DANE TRAILERS,520,GREAT DANE TRAILERS,13436,Great Dane Trailers,2009,,,6,UNITED STATES (USA),NEBRASKA,WAYNE,,,61,Trailer,,,,,36,Van Trailer,4,Straight Semi/Semi Trailer,53.000,Trailer Type = Dry Freight/ Reefer/ Insulated Van,2,,
201701455691,1,1,3H3V482S*ET******,2021-12-20 09:03:33,0,6,TRAILER,14282,"HYUNDAI DE MEXICO, S.A. DE C.V.",4876,HYUNDAI TRANSLEAD TRAILERS,11496,Hyundai Translead Trailers,2014,,,12,MEXICO,BAJA CALIFORNIA,TIJUANA,,,61,Trailer,,,,,36,Van Trailer,,,48.000,Material: Steel,2,,
201701455777,2,1,1RNF50A2*7R******,2021-12-20 09:03:33,0,6,TRAILER,3579,"REITNOUER, INC.",5594,REITNOUER INC,14493,Reitnouer Inc Trailers,2007,,,6,UNITED STATES (USA),PENNSYLVANIA,READING,,,61,Trailer,9,"Class 8: 33,001 lb and above (14,969 kg and above)",,,6,Flat Bed Trailer/Platform Trailer,6,Kingpin,50.000,Airride,2,,
201701458147,1,1,1FUJGLDR*HL******,2021-12-20 09:03:33,0,3,TRUCK,1024,DAIMLER TRUCKS NORTH AMERICA LLC,450,FREIGHTLINER,2501,Cascadia,2017,,"125"" sleepercab",6,UNITED STATES (USA),NORTH CAROLINA,CLEVELAND,,,66,Truck-Tractor,9,"Class 8: 33,001 lb and above (14,969 kg and above)",,,0,Not Applicable,0,Not Applicable,,,,,
201701458530,2,1,40FSK684*71******,2021-12-20 09:03:33,0,6,TRAILER,15360,TALBERT MANUFACTURING INC.,5932,TALBERT,18136,TALBERT,2007,,,6,UNITED STATES (USA),INDIANA,RENSSELAER,,,61,Trailer,,,,,,,6,Kingpin,68.000,"Semi-Trailer, Drop Deck",4,,
201701480584,1,1,1JJV532D*AL******,2021-12-20 09:03:33,0,6,TRAILER,14508,WABASH NATIONAL CORPORATION,4847,WABASH NATIONAL CORPORATION,10942,Dry Van Duraplate,2010,,,6,UNITED STATES (USA),INDIANA,LAFAYETTE,,,61,Trailer,,,,,36,Van Trailer,,,53.000,,2,,
201701481035,2,1,1UJBJ02R*71******,2021-12-20 09:03:34,0,6,TRAILER,9892,"JAYCO, INC.",4516,JAYCO,27585,RV Trailer,2007,,,6,UNITED STATES (USA),INDIANA,MIDDLEBURY,,,61,Trailer,,,,,21,Travel Trailer,,,,Trailer Length: 32 ft. and greater,2,,
201701481222,1,1,1JJV532W*7L******,2021-12-20 09:03:34,0,6,TRAILER,14508,WABASH NATIONAL CORPORATION,4847,WABASH NATIONAL CORPORATION,13327,Wabash National Corporation,2007,,,6,UNITED STATES (USA),INDIANA,LAFAYETTE,,,61,Trailer,,,,,36,Van Trailer,,,53.000,,2,,
201701481965,1,1,1JJV532D*GL******,2021-12-20 09:03:34,0,6,TRAILER,14508,WABASH NATIONAL CORPORATION,4847,WABASH NATIONAL CORPORATION,10942,Dry Van Duraplate,2016,,,6,UNITED STATES (USA),INDIANA,LAFAYETTE,,,61,Trailer,,,,,36,Van Trailer,,,53.000,,2,,
201701482036,1,1,1GRAA062*HT******,2021-12-20 09:03:34,0,6,TRAILER,1073,GREAT DANE TRAILERS,520,GREAT DANE TRAILERS,13436,Great Dane Trailers,2017,,,6,UNITED STATES (USA),INDIANA,TERRE HAUTE,,,61,Trailer,,,,,,,4,Straight Semi/Semi Trailer,53.000,Dry Freight Van / Reefer Van / Insulated Van,2,,
201701484228,1,1,1JJV422W*5L******,2021-12-20 09:03:34,1,6,TRAILER,14508,WABASH NATIONAL CORPORATION,4847,WABASH NATIONAL CORPORATION,13327,Wabash National Corporation,2005,,,6,UNITED STATES (USA),INDIANA,LAFAYETTE,,,61,Trailer,,,,,36,Van Trailer,,,42.000,,2,,
201701485025,2,1,5HTSN422*85******,2021-12-20 09:03:34,0,6,TRAILER,5564,"HEIL TRAILER INTERNATIONAL, CO",2365,"HEIL TRAILER INTERNATIONAL, CO.",6142,"Heil Trailer International, Co.",2008,,,6,UNITED STATES (USA),TEXAS,RHOME,,Body Shape: Jet,61,Trailer,,,,,103,Bulk,,,42.000,Al Pneumatic,2,,
201701488779,1,1,1GRDM962*5M******,2021-12-20 09:03:34,0,6,TRAILER,1073,GREAT DANE TRAILERS,520,GREAT DANE TRAILERS,13436,Great Dane Trailers,2005,,,6,UNITED STATES (USA),TENNESSEE,MEMPHIS,,,61,Trailer,,,,,61,Drop Deck Trailer,4,Straight Semi/Semi Trailer,48.000,Body Type = Straight Deck/ Extendable,2,,
201701490226,2,1,3HSDJAPR*GN******,2021-12-20 09:03:34,0,3,TRUCK,1028,"NAVISTAR, INC.",526,INTERNATIONAL,2564,LF687,2016,ProStar+,,12,MEXICO,ESCOBEDO,,,"GVWR: 33,001 - 55,000 lbs",66,Truck-Tractor,9,"Class 8: 33,001 lb and above (14,969 kg and above)",,,0,Not Applicable,0,Not Applicable,,,,,
201701491137,1,1,1W9GU402*5L364***,2021-12-20 09:03:34,0,6,TRAILER,9206,WYATT'S TRAILER SALES,7672,WYATT'S,20667,Wyatt's Trailer,2005,,,6,UNITED STATES (USA),TEXAS,LONGVIEW,,,61,Trailer,,,,,16,Utility Trailer,3,Gooseneck,40.000,,2,,
201701493618,1,1,1uyvs253*ep******,2021-12-20 09:03:34,0,6,TRAILER,10289,UTILITY TRAILER MANUFACTURING COMPANY,10138,UTILITY TRAILER MANUFACTURER,26222,Utility Trailer Manufacturer,2014,,,6,UNITED STATES (USA),ARKANSAS,PARAGOULD,,,61,Trailer,,,,,36,Van Trailer,4,Straight Semi/Semi Trailer,53.000,,2,,
201701496009,1,1,5V8VC532*EM******,2021-12-20 09:03:34,0,6,TRAILER,16522,VANGUARD NATIONAL TRAILER CORPORATION (VNTC),6474,VANGUARD NATIONAL TRAILER CORPORATION (VNTC),17782,VANGUARD NATIONAL TRAILER CORPORATION (VNTC),2014,,,6,UNITED STATES (USA),INDIANA,MONON,,,61,Trailer,,,,,,,,,53.000,Dry Freight Van,2,3,Tandem
201701502537,2,1,1C9BU101*FC898***,2021-12-20 09:03:34,0,6,TRAILER,5259,COMBS TRAILER MANUFACTURING,5153,COMBS TRAILER MANUFACTURING,12908,Combs Trailer Manufacturing,2015,,,6,UNITED STATES (USA),SOUTH CAROLINA,CONWAY,,,61,Trailer,,,,,16,Utility Trailer,1,Ball Type Pull,10.000,,1,,
201701502706,1,1,1GRAA062*HB******,2021-12-20 09:03:35,0,6,TRAILER,1073,GREAT DANE TRAILERS,520,GREAT DANE TRAILERS,13436,Great Dane Trailers,2017,,,6,UNITED STATES (USA),INDIANA,BRAZIL,,,61,Trailer,,,,,,,4,Straight Semi/Semi Trailer,53.000,Dry Freight Van / Reefer Van / Insulated Van,2,,
201701504925,2,1,1KKVF532*FL******,2021-12-20 09:03:35,0,6,TRAILER,2340,KENTUCKY MANUFACTURING CO.,2048,KENTUCKY MANUFACTURING CO./ KENTUCKY TRAILER/ KENTUCKY TRAILER TECH,5803,Kentucky Manufacturing Co./ Kentucky Trailer/ Kentucky Trailer Tech,2015,,,6,UNITED STATES (USA),KENTUCKY,LOUISVILLE,Kentucky Manufacturing Co.,,61,Trailer,,,,,36,Van Trailer,,,53.000,Body Type - Furniture,2,,
201701507372,2,1,1JJV532D*GL******,2021-12-20 09:03:35,0,6,TRAILER,14508,WABASH NATIONAL CORPORATION,4847,WABASH NATIONAL CORPORATION,10942,Dry Van Duraplate,2016,,,6,UNITED STATES (USA),INDIANA,LAFAYETTE,,,61,Trailer,,,,,36,Van Trailer,,,53.000,,2,,
201701517485,1,1,5JVTT182*E1******,2021-12-20 09:03:35,1,6,TRAILER,15498,"CENTREVILLE TAG A LONG TRAILERS, INC",6047,CENTREVILLE TAG-A-LONG TRAILERS,27480,Small Tilts,2014,,,6,UNITED STATES (USA),MARYLAND,CENTREVILLE,,,61,Trailer,,,,,,,,,18.000,,2,,
201701517939,1,1,4TM1BBH1*HB******,2021-12-20 09:03:35,0,6,TRAILER,15828,WHITE RIVER MARINE GROUP LLC,8645,WHITE RIVER MARINE GROUP,22696,White River Marine Group,2017,MAKO,SKIFF17,6,UNITED STATES (USA),MISSOURI,OZARK,,,61,Trailer,,,,,2,Boat Trailer,1,Ball Type Pull,20.000,,1,,
201701520793,2,1,4J8T0432*8T******,2021-12-20 09:03:35,0,6,TRAILER,2695,"LBT, INC.",7990,LBT INC,21385,LBT INC TRAILER,2008,,,6,UNITED STATES (USA),NEBRASKA,OMAHA,,,61,Trailer,,,,,15,Tank Trailer,,,43.000,,2,,
201701529866,2,1,4YMPL081*GM******,2021-12-20 09:03:35,0,6,TRAILER,13315,"CARRY-ON TRAILER, INC.",4933,CARRY-ON TRAILER,12040,Carry-On Trailer,2016,,,6,UNITED STATES (USA),IOWA,MISSOURI VALLEY,,,61,Trailer,,,,,13,Livestock Trailer,2,Pintle Hitch/Hook,8.000,,1,,
201701537532,2,1,1TDH4222*JB******,2021-12-20 09:03:35,0,6,TRAILER,8330,TIMPTE INC.,5331,"TIMPTE, INC",13636,Timpte,2018,,,6,UNITED STATES (USA),NEBRASKA,DAVID CITY,,"Seventh VIN position indicates the additional length of the trailer to the nearest inch up to 9 inches. If the additional length is 10 inches or more the seventh character is zero (0) and the sixth character will be increased to the next foot. For example : a 42ft 9in trailer will be represent in VIN position 5, 6 & 7 as ""429"" and a 42ft 10in. trailer will be represented in VIN position 5 , 6 & 7 as ""430"" respectively.",61,Trailer,,,,,174,Dry Bulk Trailer,,,42.000,Dry Bulk-Bottom Hopper,2,,
201701540960,1,1,531BT111*DP******,2021-12-20 09:03:35,0,6,TRAILER,12194,STEHL TOW,3533,STEHL TOW,7877,Stehl Tow,2013,,,6,UNITED STATES (USA),SOUTH CAROLINA,PIEDMONT,,,61,Trailer,,,,,105,Tow Dolly,1,Ball Type Pull,11.000,,1,,
201701543275,1,1,1UYVS253*GP******,2021-12-20 09:03:35,0,6,TRAILER,10289,UTILITY TRAILER MANUFACTURING COMPANY,10138,UTILITY TRAILER MANUFACTURER,26222,Utility Trailer Manufacturer,2016,,,6,UNITED STATES (USA),ARKANSAS,PARAGOULD,,,61,Trailer,,,,,36,Van Trailer,4,Straight Semi/Semi Trailer,53.000,,2,,
201701543275,2,1,1DW1A532*BS******,2021-12-20 09:03:35,0,6,TRAILER,13506,"STOUGHTON TRAILERS, INC.",3414,STOUGHTON TRAILERS,7701,Stoughton trailers,2011,,,6,UNITED STATES (USA),WISCONSIN,STOUGHTON,"Stoughton Trailers, INC",,61,Trailer,,,,,36,Van Trailer,4,Straight Semi/Semi Trailer,53.000,,2,,
201701543291,2,1,1JJV532V*CL******,2021-12-20 09:03:35,0,6,TRAILER,14508,WABASH NATIONAL CORPORATION,4847,WABASH NATIONAL CORPORATION,10943,Dry Van Sheet & Post,2012,,,6,UNITED STATES (USA),INDIANA,LAFAYETTE,,,61,Trailer,,,,,36,Van Trailer,,,53.000,,2,,
201701544506,3,1,1PT01ANH*S9******,2021-12-20 09:03:35,0,6,TRAILER,3233,TRAILMOBILE (PULLMAN INCORPORATED),6072,TRAILMOBILE,15904,Trailmobile Trailer,1995,Optimum,,6,UNITED STATES (USA),ILLINOIS,CHARLESTON,,,61,Trailer,,,,,,,,,,Straight Frame,,3,Tandem
201701549755,2,1,1MT2N482*FH******,2021-12-20 09:03:35,0,6,TRAILER,8092,MERRITT TRAILERS INC.,2353,MERRITT,29522,Merritt,2015,,,6,UNITED STATES (USA),COLORADO,HENDERSON,Merritt Equipment Co.,,61,Trailer,,,,,13,Livestock Trailer,4,Straight Semi/Semi Trailer,48.000,,2,,
