scenario_id,city,vehicles,pedestrians,cyclists,mean_speed,max_speed,min_vru_distance,near_miss,safedriver_iq_score,final_safety_score,intervention_level,env_multiplier,trajectory_risk,vru_risk
00010486-9a07-48ae-b493-cf4545855937,austin,49,3,0,7.850787290095922,10.850751330067766,2.789044160973382,0,52.68,33.13053171704355,emergency,0.9732000000000001,0.8411644101142883,0.6100816094150574
00062a32-8d6d-4449-9948-6fedac67bfcd,washington-dc,86,7,0,3.438689846811747e-05,0.00010581442223678388,17.032617211657207,0,53.45,70.16021504898866,advisory,0.9655,0.9271813035011292,0.0
0006ca28-fcbb-4ae2-9d9e-951fa3b41c1c,pittsburgh,27,0,0,10.531429659512193,11.335220632398993,inf,0,54.13,71.6739749767383,advisory,0.9587,0.8863885998725891,0.0
0007df76-c9a2-47aa-83bf-3b2b414109c9,palo-alto,73,4,0,7.360284188673067,11.796157450201544,12.382033882341872,0,53.9,72.24811466534933,advisory,0.9610000000000001,0.8663439750671387,0.0
0015197d-b916-43b6-bcaa-8a7d90d7b87d,pittsburgh,47,15,0,5.328232816651268,9.169387001497151,4.866338267004323,0,53.45,55.4558953662742,intervention,0.9655,0.9306089878082275,0.22673234659913533
00170a57-eb8a-4947-8b7d-7b12af7af2db,washington-dc,47,3,2,0.3356761807138053,3.2770482957321296,80.92011745030588,0,52.38,74.11045652866363,advisory,0.9762,0.7956221103668213,0.0
001749f1-bc1c-47fb-a13f-9ab1f2c050a8,pittsburgh,75,7,0,9.858233722976797,10.798517244787423,11.573367571174689,0,53.45,72.09638679822285,advisory,0.9655,0.8670206069946289,0.0
00190202-a988-4f35-96b5-876869b4e0a3,austin,18,3,0,4.7681126554822e-05,0.00021372629132967218,49.97703579336914,0,52.68,68.91709292173385,advisory,0.9732000000000001,0.9581660628318787,0.0
00195499-be19-4cfb-867a-f6a78c43f51c,washington-dc,112,0,0,9.105304748165045,11.0300182704451,inf,0,54.13,70.91577534496784,advisory,0.9587,0.9101144671440125,0.0
001ce108-22b2-4e40-bcf3-40d22732a8c3,dearborn,21,1,0,7.152525973189478,8.365304483282081,6.2241238190189225,0,54.26,72.26635787447293,advisory,0.9574,0.8690299391746521,0.0
001d7c9e-4f80-4d1d-9ad9-5b6432c4fb36,miami,48,10,0,6.878924811926717,9.064257958669414,41.27884539297999,0,53.45,77.89072214861712,silent,0.9655,0.6869791150093079,0.0
001e7a56-f046-4f05-bd8f-ddf320079eae,austin,26,15,0,0.00045977468414917295,0.005288078571462935,31.477576599575663,0,53.45,73.29514250258605,advisory,0.9655,0.8297728896141052,0.0
001f9701-34f9-4811-bcbb-8cf1a412fb0e,washington-dc,47,0,1,1.4157899527009796,5.990865270137757,52.15438766591387,0,53.66,70.28991972525914,advisory,0.9634,0.9251633882522583,0.0
00226ff5-0ee6-43b7-8568-ffd0f357db91,miami,24,7,1,6.242405411559557,10.881031075891489,52.959649720641096,0,52.98,69.34670484304428,advisory,0.9702,0.9478446245193481,0.0
00230ccd-4922-4f8c-b67f-ba70d0db22d3,dearborn,46,5,1,7.931412371579231,11.055069014103209,51.8022249244935,0,53.43,73.2637680697441,advisory,0.9657,0.830575704574585,0.0
0028b424-9a0a-4b3e-a59e-0fc183c02095,dearborn,10,1,0,2.6834562608797167e-05,7.500331099032563e-05,65.74409550613942,0,54.26,72.68352560559909,advisory,0.9574,0.8559580445289612,0.0
002ba35d-be70-4ce4-b15a-01a28e0ae801,austin,46,14,1,3.555879093160192,6.384872317996026,4.301955817216746,0,52.98,47.82982775978684,intervention,0.9702,0.9679210782051086,0.3226283947288182
003363ad-fa78-45f9-a8d7-716f4ea6d586,pittsburgh,37,3,0,10.485113668593124,11.140560625838017,3.4287961159592877,0,52.68,36.14131960254623,emergency,0.9732000000000001,0.9400351047515869,0.5142407768081425
00351569-255c-433e-b97b-e2a844d1b6e0,washington-dc,55,3,0,5.505179134543248,10.84918173379894,2.181975056251843,1,52.68,24.85063277898626,emergency,0.9732000000000001,0.7893549799919128,0.7636049887496313
0036b8de-9be1-4861-adcf-34671484a3c3,miami,44,3,0,0.00015715828815797197,0.0005463828640866558,2.5904788423155707,0,52.68,26.839175563898777,emergency,0.9732000000000001,0.9255526065826416,0.6648566257484637
003a8853-461a-4fa4-9a04-be07aae9b70c,palo-alto,18,0,1,3.6415784237453626e-05,9.968632654067546e-05,25.12065670045895,0,53.66,71.8855319873492,advisory,0.9634,0.8754764795303345,0.0
00404e6d-ff66-460e-8f22-bc61fc9f7f9d,washington-dc,52,4,0,10.738563946393846,13.451121342857867,2.540863705219688,0,53.9,25.256736702822703,emergency,0.9610000000000001,0.9496419429779053,0.6918272589560625
004153a3-9385-4f91-b702-76d58a222bdb,austin,25,3,0,6.680929336914628,7.965092847911042,5.551426631451302,0,52.68,73.1684463044884,advisory,0.9732000000000001,0.7329128384590149,0.047100203697613335
00422cc5-b120-49db-982f-fc0c1e1eaf8d,austin,21,3,0,9.229536411961124,10.676083504467003,26.491637100526923,0,52.68,70.88848831892014,advisory,0.9732000000000001,0.8973955512046814,0.0
00430751-d928-472b-9944-ea55b2fb8d89,washington-dc,48,0,0,4.174819787801235,6.516403448507962,inf,0,54.13,69.76349300980567,advisory,0.9587,0.9461721181869507,0.0
0044b5c0-f492-43b3-ae9c-daa8ff1c9584,washington-dc,54,1,0,8.675753344964757,11.830000626076524,5.358238600425664,0,54.26,64.48244636545209,advisory,0.9574,0.8626508116722107,0.12514347291699554
00450480-0bcd-46b9-a48b-5337d8c9d0a3,miami,89,13,0,11.929818368803359,13.117334893041892,4.6185810446391296,0,53.45,63.34574910801778,advisory,0.9655,0.848822295665741,0.14504899031289156
0046bad9-f29c-4365-bfba-a087a1075667,dearborn,21,2,2,10.789334248819413,11.188068031732518,82.63516740728637,0,53.68,70.70719755808513,advisory,0.9632000000000001,0.9123588800430298,0.0
0051a8c9-e50e-4cde-b003-1a103de0fdb1,austin,42,1,0,12.270184644835743,13.447739575835923,106.65171041982582,0,54.26,72.62335385402044,advisory,0.9574,0.8578435182571411,0.0
00546066-20ea-4012-854a-fcdb47973b92,austin,34,2,0,10.098072108561151,10.611149913427868,27.795659944719212,0,54.41,73.7720187973976,advisory,0.9559,0.8231399059295654,0.0
0058ed53-93bf-42a7-9bba-6df3f6ce20f5,washington-dc,112,4,0,3.0003914835627916,5.714057333429503,126.62114261863421,0,53.9,69.76237374941508,advisory,0.9610000000000001,0.9439425468444824,0.0
005b26cb-7ddc-4e9e-b2d1-55c49f1c6e85,pittsburgh,47,13,0,7.148971733676925,10.9594185275839,2.5559857438090448,0,53.45,45.374483638061655,intervention,0.9655,0.9740801453590393,0.3616214969000507
005f3e26-75cb-43a5-b61a-89343d490fdf,austin,61,9,0,1.6125419365775124,3.6251945417713682,31.97196822914111,0,53.45,69.87823804616929,advisory,0.9655,0.9359428882598877,0.0
00629110-b592-4d2a-8524-b5f2e9661048,austin,15,0,4,1.7177746644885215,5.465194575577,8.675626529998548,0,54.38,70.71795791228612,advisory,0.9561999999999999,0.9187003374099731,0.0
0066f16d-cee1-44db-aa9d-aca38e9761f4,austin,27,4,0,8.042749063483026,10.898162580264843,31.694477753148142,0,53.9,73.80701832771301,advisory,0.9610000000000001,0.8176789283752441,0.0
0067cf62-4775-425e-8edc-28fd8622b920,pittsburgh,44,1,0,1.0901747056107243,4.206163581843436,62.85772955542031,0,54.26,77.57163918097814,advisory,0.9574,0.7027896642684937,0.0
0072a11c-c3f5-4d44-b4e1-04117bc4100b,pittsburgh,28,3,0,4.028409679079187e-05,0.00017425331954383847,75.2570805831748,0,52.68,71.40393485546112,advisory,0.9732000000000001,0.8815063238143921,0.0
007408b9-948f-42c9-aed4-a03339f3aa4f,austin,39,1,0,9.344522922527092,12.813587942314825,58.080935380550095,0,54.26,70.15660117109617,advisory,0.9574,0.9351388812065125,0.0
007471ae-7006-49ec-903d-a9465c4fa379,austin,35,5,0,12.360312194277334,13.34901605965227,3.2426342731320625,0,53.9,37.55166172333288,emergency,0.9610000000000001,0.9016808867454529,0.5238994881049082
007e6152-fb08-4a1b-be8c-d60e4d8635ce,palo-alto,26,1,2,8.043642438465055,11.133604023894435,45.05651322201649,0,53.53,68.137180570364,advisory,0.9647,0.9908620119094849,0.0
008415aa-6a7d-4c51-9b82-f29bc76f7f28,pittsburgh,101,13,0,10.95569045500221,11.490820860835784,80.0178774659114,0,53.45,70.29821391701698,advisory,0.9655,0.9228934049606323,0.0
0085e780-a3b2-4432-a64f-56e7b3394432,washington-dc,59,2,1,11.537523325987076,12.290845900592148,5.4223410454785235,0,53.51,62.069808409714476,advisory,0.9649000000000001,0.9540121555328369,0.11264349613168793
00868013-e5b7-4b75-b30c-045bb4244627,miami,17,0,0,1.6792887618888688,6.870017141309434,inf,0,54.13,80.97854240437348,silent,0.9587,0.5952265858650208,0.0
008e9697-bbd5-46fa-a2df-bcda736bab18,pittsburgh,50,0,0,10.660151002201154,11.30567317601636,inf,0,54.13,70.86839810609817,advisory,0.9587,0.9115970134735107,0.0
008eacb9-eef8-4781-96e4-7446926a2fea,austin,35,5,2,2.6225242463771115,8.31816302202577,51.98278546611057,0,53.6,75.02536862691244,advisory,0.964,0.7772188186645508,0.0
0091bad9-e7b2-4c07-aa12-6b5fd03c63d2,palo-alto,7,0,1,0.0005095338201255946,0.0024069767153333923,61.79360097172738,0,53.66,80.83018701831499,silent,0.9634,0.5969424843788147,0.0
0092658a-5705-4a48-9de0-195b430c03f8,dearborn,39,0,0,15.389036196740879,15.9611408925613,inf,0,54.13,68.73181663334368,advisory,0.9587,0.9784557223320007,0.0
00976f6f-59fa-4fad-ba0b-828cce074d97,dearborn,44,2,0,15.186631044184033,15.591988853000831,45.158112653224485,0,54.41,68.95349094231923,advisory,0.9559,0.9743647575378418,0.0
009ba352-ea89-45cb-83e8-c8e65148d87e,austin,24,0,0,12.819950874277046,13.469232174831083,15.959400952037006,0,54.13,71.87069156587124,advisory,0.9587,0.8802328705787659,0.0
009cf3d3-fd2c-4361-b926-eca40c138446,pittsburgh,32,43,1,4.882936185734336,6.685548988307098,3.8198049046449296,0,52.98,42.88464321365944,intervention,0.9702,0.8940121531486511,0.43603901907101406
00a0ec58-1fb9-4a2b-bfd7-f4e5da7a9eff,washington-dc,58,3,0,10.09321902493159,10.49134716972717,5.619835317979268,0,52.68,68.21281155966695,advisory,0.9732000000000001,0.8278104662895203,0.0760329364041464
00a28ba6-9343-42b7-9458-5aebdf1a7360,pittsburgh,31,23,0,5.68721187951251,9.123642006044996,4.719267336633079,0,53.45,53.369802074851016,intervention,0.9655,0.9365996718406677,0.25614653267338416
00a50e9f-63a1-4678-a4fe-c6109721ecba,austin,21,2,0,9.89523780234783,12.765140199160909,107.47114227617635,0,54.41,72.85701713919639,advisory,0.9559,0.8518563508987427,0.0
00a5d0a7-3be4-4008-a77b-4eebe77b1480,pittsburgh,43,3,3,9.831703326452002,11.030750494629647,5.255159668569056,0,52.38,65.14489253900595,advisory,0.9762,0.7806587815284729,0.1452438646290341
00a8fc17-d464-47c6-95f9-4e99a9a6fe86,austin,28,3,0,2.5027184834263878e-05,0.00010414097587290142,52.10844522264859,0,52.68,77.19449988365173,silent,0.9732000000000001,0.7030055522918701,0.0
00a9541f-a00c-45c6-9071-dec34f5f818b,pittsburgh,43,11,0,7.766271237670283,11.142243258265662,40.92664236378079,0,53.45,74.63643187979856,advisory,0.9655,0.7880963683128357,0.0
00aa433e-6dcf-4919-b660-309d6bd75447,miami,31,3,0,6.219424193190547,12.326680316897502,68.0979230282358,0,52.68,75.72060358285904,advisory,0.9732000000000001,0.7484400868415833,0.0
00abf9e5-4bc0-4b90-a3da-9d858df18f7d,dearborn,18,0,0,14.125159592024607,14.839507905732173,inf,0,54.13,70.93152204354605,advisory,0.9587,0.9096217155456543,0.0
00b2262d-bb33-4756-963e-4a5c87d8bd5d,austin,41,9,0,0.00014887603026324923,0.00026434056842240247,3.1157539511324024,0,53.45,34.7263021916844,emergency,0.9655,0.8744848370552063,0.5768492097735195
00b265e1-3c7e-44fc-b725-29d4f2cde0bd,austin,34,2,0,2.787745738248733,9.790442444789278,37.61020274700492,0,54.41,69.65651879270871,advisory,0.9559,0.9523009061813354,0.0
00b37268-eeb0-4a5b-8241-e33a530fe267,miami,35,1,0,0.5556848719405574,1.8309403462814249,20.454175824266528,0,54.26,72.06107049187025,advisory,0.9574,0.8754625916481018,0.0
00b3a6f5-32ce-4d91-b320-10284ab921be,miami,25,0,0,0.006263836545775828,0.10423262603915698,inf,0,54.13,72.56379392286142,advisory,0.9587,0.8585440516471863,0.0
00b87c67-701e-40e4-a1b7-002717d0a4e5,washington-dc,35,3,1,3.7167758681976033,7.903849140535189,3.471890093005523,0,52.21,39.99047350630146,emergency,0.9779,0.8802894949913025,0.4803408823289506
00bb46d3-2f4e-4c7b-95bd-51a65ff9670e,pittsburgh,38,0,0,1.746083398576179,6.375961741846647,inf,0,54.13,72.70642278333506,advisory,0.9587,0.854080855846405,0.0
00bb5f2e-c964-4fcd-9c6a-4353a7baed6e,pittsburgh,23,0,0,0.022596187683009025,0.3928233065741319,inf,0,54.13,70.14660235762595,advisory,0.9587,0.9341837167739868,0.0
00bd1af3-e5a4-4042-b0dd-627f6cc66ee8,austin,63,5,0,1.731533930564887,4.912095427940132,11.576391528658489,0,53.9,71.032809283336,advisory,0.9610000000000001,0.9042827486991882,0.0
00c1667c-0e02-44b2-8e5e-29dc81dfd323,dearborn,13,0,0,0.535268209759002,2.9887684123502725,inf,0,54.13,76.88731125613053,silent,0.9587,0.7232509255409241,0.0
00cf7a09-b98d-4c87-921a-830066a07100,austin,21,0,1,1.7575403839548935,4.861526952785007,29.901937775245695,0,53.66,70.23647411823274,advisory,0.9634,0.9268276691436768,0.0
00d95e80-1f97-48ef-8bf6-651e6c93678f,miami,61,15,0,0.08623340329874227,1.1777681436540355,89.59580067536615,0,53.45,74.4825496852398,advisory,0.9655,0.7928777933120728,0.0
00d9f613-2637-4665-b640-15ca2219929a,austin,83,8,0,7.9044023621505,11.244377261326777,27.856844345749117,0,53.45,72.14105194012323,advisory,0.9655,0.8656327724456787,0.0
00dd0b81-388f-40fd-a8f5-82d05d566cf5,austin,56,2,1,9.866528978350871,13.224418003097973,7.008027069747083,0,53.51,72.26842439134916,advisory,0.9649000000000001,0.8622108697891235,0.0
00ddb469-aea8-443b-a4f9-a5acff486b77,palo-alto,5,0,0,0.30648837649575084,2.269991373710476,inf,0,54.13,81.2279829098781,silent,0.9587,0.5874210000038147,0.0
00de80df-9dfe-4ef7-a17f-7855caf9878f,austin,21,0,0,1.367370596273946,6.945192681372291,inf,0,54.13,75.81666527688503,silent,0.9587,0.7567539811134338,0.0
00e14259-7419-4f92-9699-835bc4f62536,austin,24,1,1,14.607507909964724,15.633473436957631,49.24229197537553,0,53.79,69.64880714952946,advisory,0.9621,0.9464045166969299,0.0
00e194d5-57e3-4cd5-ba8d-61f89acea8c1,miami,27,0,0,3.727996214039469,10.315657566444848,inf,0,54.13,71.43015353024006,advisory,0.9587,0.8940183520317078,0.0
00e21119-f350-4664-b77e-18823533a1a6,miami,82,1,0,8.051513158500292,10.043254039855823,33.36620852591365,0,54.26,70.8296581542492,advisory,0.9574,0.9140487313270569,0.0
00e2cd17-25bc-42f2-8f33-17ae24d17a5f,palo-alto,29,3,0,10.396853583262128,11.008222910903028,41.16612191413647,0,52.68,77.55864033460617,advisory,0.9732000000000001,0.6917805075645447,0.0
00e452e1-1a79-4327-abb2-fbbe0097b1b5,austin,43,2,0,0.00010217818222402914,0.00023015652618678752,33.04152824669175,0,54.41,72.02091405729453,advisory,0.9559,0.8780966401100159,0.0
00e988db-319b-45b1-b16d-ccbbeaeb07cc,miami,34,3,0,0.14906103427664774,2.088222476641576,41.454441710625424,0,52.68,75.49428640127182,advisory,0.9732000000000001,0.7554165720939636,0.0
00ea15e0-d833-4d56-8b67-c640fefc81ee,austin,87,3,0,0.00038165345084730553,0.0012074422949606152,9.754271829595234,0,52.68,68.43576431035996,advisory,0.9732000000000001,0.9730035662651062,0.0
00eb04c6-a59e-4ff4-9d26-325b629b212b,austin,37,1,0,2.663780217375886,8.832424584600167,30.144979946556106,0,54.26,69.19565261085828,advisory,0.9574,0.9652500748634338,0.0
00eb27a5-f716-4f7f-a877-113550040df3,austin,37,0,0,10.449426845544023,13.260978170467915,inf,0,54.13,71.45315167208513,advisory,0.9587,0.8932986855506897,0.0
00ef7d7b-4709-4429-8714-48cfea6b4dde,miami,28,8,0,4.604015141715565,8.004767374860876,18.892033037371018,0,53.45,71.05756353139877,advisory,0.9655,0.899298906326294,0.0
00f0977f-caf9-4781-b2b6-9747cbb7e7a3,pittsburgh,37,1,0,5.6029652425569925,10.419772062494111,40.38589237399529,0,54.26,73.92460293451946,advisory,0.9574,0.8170690536499023,0.0
00f1879f-ec21-4a4c-9c7b-84648379249b,austin,55,10,0,5.511933775132425,7.504031045840554,4.622685729140301,0,53.45,56.74670799126225,advisory,0.9655,0.9307712912559509,0.20659714062895496
00f4189b-4296-4f07-a2b5-787c0db651ff,austin,54,0,0,12.665440776139286,13.184733439628248,inf,0,54.13,70.50260498384635,advisory,0.9587,0.9230435490608215,0.0
00f65fe7-7d7c-4feb-9618-2742362cc12f,pittsburgh,30,3,1,3.2904817886067144,7.977893807160673,15.861059286230153,0,52.21,72.64357493519783,advisory,0.9779,0.8392399549484253,0.0
00faa003-edc2-4184-b159-26155d40fdcb,pittsburgh,52,7,0,0.18985225846389706,1.7447774247045713,15.697506081737437,0,53.45,75.28258977333705,advisory,0.9655,0.7680189609527588,0.0
01069700-248e-4881-843a-d41206389020,pittsburgh,27,17,0,1.6476012915772622,2.900739220444203,12.405927965071978,0,53.45,71.11029118796189,advisory,0.9655,0.8976605534553528,0.0
01097a43-cccc-4ea1-97f7-c24bd10a8234,austin,38,3,1,2.396606477122777,5.678900176701557,24.744468508358164,0,52.21,74.26380289653936,advisory,0.9779,0.7895346283912659,0.0
0109ca7d-7ec2-4530-bfb1-4c7d1feb892d,miami,43,4,1,10.466007744123278,11.079522854604702,5.197905508706114,0,53.43,61.47896065098368,advisory,0.9657,0.8758394122123718,0.16041889825877717
010cc179-827b-433c-a14d-c2b27ee9ded7,pittsburgh,27,1,0,6.266144816675995,10.52855815159835,56.512364084349855,0,54.26,73.0097594833374,advisory,0.9574,0.8457355499267578,0.0
01154df6-1058-404c-91eb-e78992da5a38,dearborn,44,0,0,15.13423518274342,15.741300542552539,inf,0,54.13,68.86136165777842,advisory,0.9587,0.9744019508361816,0.0
0119275b-35ba-48d9-9cde-cb72f2849423,dearborn,39,1,1,13.712154783828561,15.626911715968564,12.127785083485604,0,53.79,72.1413693100214,advisory,0.9621,0.8686819672584534,0.0
011d6552-93e1-4766-a2ac-8209ef17f9c9,austin,32,10,1,5.980990628042769,10.351502056079307,5.102477267383295,0,52.98,62.954722858757336,advisory,0.9702,0.957014262676239,0.09423988692475409
011edc25-d8b7-4471-a2dc-9d44231f1b62,washington-dc,84,10,1,10.559101306753728,11.207465785143267,38.37513068524666,0,52.98,71.10389482736588,advisory,0.9702,0.8935097455978394,0.0
011f5450-0124-43f2-8374-9322c5f99c50,miami,27,38,1,3.7268988185434604,4.3446971469412246,2.45361643471615,1,52.98,25.813252983150903,emergency,0.9702,0.8754090666770935,0.70927671305677
0123336f-afc6-4704-9ed0-efc5bea121f0,palo-alto,52,0,0,15.090626152952538,15.852123507196826,inf,0,54.13,68.33071105857691,advisory,0.9587,0.9910072684288025,0.0
0124a476-262a-4afc-b7b5-3f4d41b413a8,washington-dc,40,0,0,7.98469332089352,8.961411688502244,inf,0,54.13,68.79399771173796,advisory,0.9587,0.9765099287033081,0.0
012ae3e3-aa0b-45e6-af38-f8ddb5ecec6b,palo-alto,13,1,2,10.869434204540878,11.166595129636953,69.0843557843276,0,53.53,72.34594663043816,advisory,0.9647,0.8599788546562195,0.0
012d987d-0f4a-47f7-99c3-04278e8e897e,austin,33,2,0,4.577462012367149,10.193432154999325,43.61788142044,0,54.41,77.78296959459782,silent,0.9559,0.6972600817680359,0.0
01340461-df3d-4d25-9085-657d1c7839f3,miami,44,49,0,0.0014806172115140175,0.07764027300550912,4.627068645604621,0,53.45,62.31875034050025,advisory,0.9655,0.6216586232185364,0.27458627087907583
0134aa84-8bf4-4b83-8c84-c3598e69b663,miami,63,0,0,0.3951881484639749,1.2079494868333471,3.5976737298390375,0,54.13,40.717892637472495,intervention,0.9587,0.9662172198295593,0.4444303599797781
013563bf-4b77-464d-8930-612b2d58816c,pittsburgh,39,1,0,7.237467555806857,10.756778009837454,4.358139393499564,0,54.26,51.06919061518671,intervention,0.9574,0.9093332886695862,0.31195351523508286
0136e98b-3f68-4cb4-9b5c-cbe5799980c9,miami,97,10,0,2.639162536310456,5.123896698330221,0.6030895520705275,1,53.45,35.524406324028924,intervention,0.9655,0.9533845782279968,0.5250000000000006
01398017-cd33-4092-a16c-2b1f78da7546,miami,9,7,1,0.00012562776967779132,0.0006781734221462676,36.18093947354433,0,52.98,78.9982865512371,silent,0.9702,0.6494036316871643,0.0
013b721e-322b-4e5c-91f2-3c455c1196ec,pittsburgh,62,7,0,5.816334287816534,8.863140176752294,5.184788509172107,0,53.45,58.58560395631815,advisory,0.9655,0.9607428312301636,0.16304229816557853
013c7009-91c3-42e8-8ef2-8633d90f7d95,miami,27,2,0,0.7530997083027519,2.6079915719143627,31.538191050140938,0,54.41,75.81490184128285,advisory,0.9559,0.7590259909629822,0.0
0143050d-d577-494c-929b-0a9811c6e7b5,washington-dc,58,7,2,5.587423294891014,10.59451060720264,35.318681131291484,0,53.15,72.5730569610993,advisory,0.9685,0.8495697379112244,0.0
014586b7-0816-4c04-b92d-981bd5de9984,austin,49,23,2,0.07433253200890859,0.441126808684425,32.05407040430552,0,53.15,71.6520364989837,advisory,0.9685,0.8780990242958069,0.0
01465848-057b-4ec6-934d-2f0609f344cc,palo-alto,55,0,0,0.00021663866321307813,0.0004924446228049702,inf,0,54.13,73.85455463389555,silent,0.9587,0.8181530833244324,0.0
01485c35-55a9-4ada-bf96-03751f2193b9,miami,55,9,2,6.230236108141424,8.818422548903737,5.129411248802548,0,53.15,60.07383253367071,advisory,0.9685,0.9929775595664978,0.1218824251676434
014a4282-3688-40b9-a881-02748e279acf,miami,14,1,0,0.00018195073016980486,0.00025321501982924355,80.69561524613425,0,54.26,84.01907479484876,silent,0.9574,0.5007601380348206,0.0
014d18b9-7c8e-44c3-aeb0-bd285b6a0009,washington-dc,30,4,0,5.601043237446736,6.794003677872939,35.3940312309116,0,53.9,72.69373255769412,advisory,0.9610000000000001,0.852432906627655,0.0
014fd1db-07e6-4975-95f8-d295e675f230,pittsburgh,30,0,0,10.560690284779781,11.169647046212901,inf,0,54.13,72.62990262826283,advisory,0.9587,0.8564753532409668,0.0
015b821a-520a-4a2f-92cd-de0de2f617c4,palo-alto,26,1,0,10.026123851114525,11.115241580017418,3.7792874004087236,0,54.26,42.76073302310087,intervention,0.9574,0.9275068044662476,0.4330389569202989
015e5479-1888-4d13-816c-689d9437599e,miami,60,12,2,5.335642461263453,6.71998392327087,2.318980656071577,1,53.15,23.088798083410587,emergency,0.9685,0.9099733233451843,0.7362038687856847
015ec6a8-5bb1-43d2-9afc-866b8d3a6ae4,miami,56,7,1,11.288854541703538,13.556060005996867,19.25264010413867,0,52.98,75.29528182148934,advisory,0.9702,0.763905942440033,0.0
01608445-d0c0-4ab1-ad71-c1f2366af236,pittsburgh,25,0,0,8.674629048621156,9.936470384508763,inf,0,54.13,68.22489751080671,advisory,0.9587,0.994318425655365,0.0
01648874-5934-457c-abb1-586a68bc6cf9,miami,39,12,0,2.2025257396647944,3.3648001394653333,36.16203930139679,0,53.45,70.44535337090491,advisory,0.9655,0.9183214902877808,0.0
016571a9-11d3-43e1-9fbb-eb286220fb81,miami,17,1,0,0.913451867252932,4.695009787339062,3.8408233595786654,0,54.26,44.567426494456264,intervention,0.9574,0.8733015656471252,0.43183532808426695
0168106d-6aac-4b54-adec-fb9996040418,pittsburgh,43,0,0,7.388224541914865,7.925696115015477,inf,0,54.13,75.12593244850636,silent,0.9587,0.7783686518669128,0.0
0168f167-e4ad-4850-962b-6f0ec3292f92,miami,9,0,0,9.748064109158866,10.484611464138322,inf,0,54.13,77.50077154695988,silent,0.9587,0.7040542960166931,0.0
0169c8ca-0230-4e03-8c83-7d01cbd77d37,pittsburgh,11,0,0,2.776689427005306,5.1471269734000344,inf,0,54.13,79.53152994811535,silent,0.9587,0.6405070424079895,0.0
0169cd4a-5b5a-4016-80b9-828cc05e554c,austin,26,2,0,12.857319808728791,13.445365485911033,64.37672585732919,0,54.41,71.71993791500728,advisory,0.9559,0.8875424861907959,0.0
016b7b76-b5d0-4891-8205-3942113b05aa,washington-dc,74,1,0,2.935207661180236,6.120499752306618,12.011096005344418,0,54.26,70.99019287983577,advisory,0.9574,0.9090183973312378,0.0
0171cf17-b4c7-4772-af3a-54f338d52101,austin,24,1,0,0.8990491941750163,2.3545934153032193,159.42547781255877,0,54.26,78.11631023168563,silent,0.9574,0.6857224702835083,0.0
01740590-deff-4fa8-928a-e77ad373acf9,miami,37,5,1,4.840780624688883,6.018682029334573,4.538934122052265,0,53.43,54.8406743199218,intervention,0.9657,0.8184728622436523,0.2922131755895469
0177f3b7-ded5-4542-b4ce-009cda952dc1,dearborn,24,3,0,5.4260002636280014e-05,0.00019583376214300067,23.792186064166252,0,52.68,70.20805178880691,advisory,0.9732000000000001,0.91837078332901,0.0
0181eaca-74f6-4478-865f-df2d20802041,austin,16,2,0,7.547430163840568,13.09680010132507,42.96051066024111,0,54.41,71.9009281305472,advisory,0.9559,0.8818622827529907,0.0
018230c9-cd2b-474d-9079-20e31b1d6648,austin,55,4,2,0.4371807643740295,3.1243676352110756,30.76697072275341,0,53.6,75.91951878070832,advisory,0.964,0.749392569065094,0.0
0182d40d-e8e4-4149-84db-b4dd76de9cdc,pittsburgh,25,3,0,6.272248845371899,10.637332276772787,19.89205483370755,0,52.68,68.50826949357986,advisory,0.9732000000000001,0.9707685112953186,0.0
01883b10-f2de-4514-906d-47a65fec45d3,austin,106,27,3,12.739138212263114,13.36267151948663,17.17528884226273,0,53.15,71.24787368873756,advisory,0.9685,0.8906182646751404,0.0
0189a457-7e10-4eee-9532-d5e9273a5ef6,austin,28,0,0,8.746528214875177,13.524623884967705,inf,0,54.13,71.58486431996027,advisory,0.9587,0.8891770839691162,0.0
0189cec7-f323-4487-97d9-46cbd40a2af0,pittsburgh,25,22,0,8.784013197694307e-05,0.00018055381136501827,4.936900632210253,0,53.45,58.78805808807775,advisory,0.9655,0.8552970290184021,0.21261987355794948
018b5689-8c37-4286-aebc-85b51a5d9392,austin,47,0,0,7.832116705211462e-05,0.0002145120097560934,inf,0,54.13,72.12590160687765,advisory,0.9587,0.8722467422485352,0.0
019049a7-4f8b-429a-a925-478d97a4ef8a,pittsburgh,47,2,0,9.668487592613854,10.728778272440376,59.03598016054305,0,54.41,72.4211824140946,advisory,0.9559,0.8655346035957336,0.0
019231d2-4fa5-4f1a-bb2d-04c4a08890b3,dearborn,47,7,1,14.082154369416378,15.682861361673595,34.678847553820134,0,52.98,69.97824908733368,advisory,0.9702,0.9283163547515869,0.0
0193b2be-f638-4af5-aa57-5364461286de,miami,60,1,3,7.659434247880983e-05,0.00034544019654854456,28.14456038781466,0,53.53,68.54278214176497,advisory,0.9647,0.9782487154006958,0.0
019535d0-6810-4cf7-8327-d5f59607ae58,austin,21,2,0,4.2225956257941775,10.734568053773428,38.861835371464316,0,54.41,79.35489595850309,silent,0.9559,0.6479266881942749,0.0
01968413-2a52-4d0f-aef1-89487e3f7e1e,washington-dc,72,8,0,7.225862888945809e-05,0.00021079006072038275,22.52074119290824,0,53.45,73.9738401144743,advisory,0.9655,0.8086844086647034,0.0
019f7c63-0331-45e8-957b-65330d52c95d,miami,56,5,2,12.321160630230828,13.313012525824911,5.4605052688245825,0,53.6,66.33474154709991,advisory,0.964,0.902010440826416,0.07283178870868141
01a33cc7-93cf-44c3-acaa-9f5dc3ca88f9,austin,80,77,1,4.764271484921343,6.462707045514299,44.10416134158089,0,52.98,71.686163469553,advisory,0.9702,0.8755051493644714,0.0
01aa2ec8-ba08-41e7-9d41-215c38581c7c,miami,35,6,0,7.677963591702273,11.450075793395904,61.33361043542884,0,53.45,71.10365970730781,advisory,0.9655,0.8978666067123413,0.0
01aaa27b-6781-4299-ac1d-11ab7d40b1c9,pittsburgh,33,7,0,5.682460170349301e-05,0.0002483594403987946,40.71590425555909,0,53.45,76.6351336767276,advisory,0.9655,0.725992739200592,0.0
01ad19fa-e2b3-49f4-bfbd-2b346fd1d091,washington-dc,50,1,0,7.806766420630666,8.836798479296617,46.72723004620612,0,54.26,73.78133051872253,advisory,0.9574,0.8215584754943848,0.0
01c0d443-8170-4cc9-8001-e4d41034a173,washington-dc,72,4,0,0.00011952711400672107,0.00023125253743263392,80.24643345359092,0,53.9,72.7088468571504,advisory,0.9610000000000001,0.851961076259613,0.0
01c4ac10-5f99-460f-bc86-fd64d704ddf8,dearborn,23,1,0,15.2303259040415,15.75419590743951,21.747103299419617,0,54.26,70.10684196869532,advisory,0.9574,0.9366980791091919,0.0
01c53999-fca1-4c5c-b790-56d05a62d45d,pittsburgh,37,32,0,0.0019409477665638809,0.0741986348071259,12.237757955176884,0,53.45,73.55074512660504,advisory,0.9655,0.8218308091163635,0.0
01ca1736-ec51-41aa-8c73-3338c574a83a,austin,29,0,0,0.45539427831758067,1.420745164715509,inf,0,54.13,77.91305809676648,silent,0.9587,0.6911528706550598,0.0
01cde1f9-df92-4761-aa64-3fed3d1e93c2,miami,26,0,1,12.817130242145037,13.514486312752757,22.973892194235486,0,53.66,68.14877447406451,advisory,0.9634,0.9918380379676819,0.0
01cf2434-2b72-41fd-8fd8-439038f90959,pittsburgh,19,0,0,1.6805987994037062,4.9586197363553755,inf,0,54.13,80.49401380340258,silent,0.9587,0.6103886365890503,0.0
01d10f88-b95b-44ae-a33f-3f819f372553,dearborn,15,0,0,15.043407113738796,15.693641006476227,inf,0,54.13,70.28707692801952,advisory,0.9587,0.9297879338264465,0.0
01d2eaa8-9188-4346-afaa-0a8fc55f76e2,pittsburgh,19,3,0,0.323604964242647,2.5485008486317082,5.245427637576495,0,52.68,68.32541248727833,advisory,0.9732000000000001,0.6745763421058655,0.150914472484701
01d3dcb9-50dc-4084-8ef5-b30e11b089cd,miami,56,10,0,0.11792550070935258,0.8156243696319331,5.745238831479567,0,53.45,75.15005518769905,advisory,0.9655,0.718637228012085,0.026749922694645534
01d69373-46c8-46bf-a500-aa7833faf886,miami,13,0,0,0.001113659617974036,0.02279360448730184,inf,0,54.13,75.59279434700808,silent,0.9587,0.763759434223175,0.0
01d7deae-31e9-4657-843f-c30009b09f1c,austin,15,8,0,0.18693761097954362,0.7167874624322892,10.647192852504535,0,53.45,76.76283523837726,advisory,0.9655,0.7220247983932495,0.0
01dc8c71-9e9b-483b-91a5-e71d093659ee,austin,12,0,0,5.468572002977053,10.80332558350169,inf,0,54.13,75.33332715451718,silent,0.9587,0.7718787789344788,0.0
01ea7833-0216-4af2-a81a-ac6355391f73,miami,45,72,0,1.2192448605086776,2.2396273257848343,17.183609061189784,0,53.45,72.36225603620213,advisory,0.9655,0.8587595224380493,0.0
01ed6986-529a-4252-b25e-8052fbc8233f,washington-dc,68,3,1,5.201842510121552,9.668208670029731,3.35599618035944,0,52.21,35.79204347133361,emergency,0.9779,0.9121690988540649,0.528800763928112
01f85d76-2704-4640-b28b-570594232599,miami,61,6,0,5.875782694665489,7.669708302404639,4.516520586140343,0,53.45,56.528693764901085,intervention,0.9655,0.7573479413986206,0.2966958827719314
01f8e244-8202-4e51-9769-9f7bce6487f8,austin,34,1,1,3.059727715301635,6.471721356986014,15.136804610079087,0,53.79,75.97325201034546,advisory,0.9621,0.7491970062255859,0.0
01fca836-8c06-47cb-9369-70104ecb3afe,washington-dc,36,1,0,9.12888866737997,11.268898310840065,33.229121126347856,0,54.26,72.20437334259351,advisory,0.9574,0.870972216129303,0.0
020128fb-4f88-4901-b942-2b815fbf0738,austin,66,6,0,7.513184728220105,12.28878396141795,12.603968750844015,0,53.45,72.7002275198698,advisory,0.9655,0.8482580780982971,0.0
02017859-da93-41ba-aa76-2288cb63f92f,austin,35,3,3,9.048147674690302,11.852764927697924,3.603294699810298,0,52.38,38.99793357654343,emergency,0.9762,0.9399642944335938,0.4673575335369919
0203f947-02e1-48c0-8d2d-eb26e39317bd,washington-dc,74,0,0,5.181868280294821e-05,0.00019829934700200624,inf,0,54.13,69.50769820570946,advisory,0.9587,0.9541765451431274,0.0
0208f4d8-f35d-4d8f-9a94-b774de8c3fa0,washington-dc,63,11,0,0.17714450406579899,0.7831651734761278,22.01205476454832,0,53.45,70.3824741969506,advisory,0.9655,0.9202752709388733,0.0
020cd834-379f-418e-891e-e6e766b26c14,pittsburgh,37,4,1,4.972775580816039,10.028120208847294,13.587213408445674,0,53.43,71.92723544836043,advisory,0.9657,0.8720958232879639,0.0
020eb6fa-c82e-40cc-bd37-ae6992391142,miami,23,0,0,4.208014451395549,8.497602121915179,inf,0,54.13,77.67625571211178,silent,0.9587,0.6985629796981812,0.0
021024aa-34d7-4591-96b7-396004378588,washington-dc,131,0,0,8.934645230253338,13.275686263729071,150.07811847035222,0,54.13,71.0022269487381,advisory,0.9587,0.9074091911315918,0.0
02140af8-c64b-4f82-87a7-b32c7ec3633e,pittsburgh,44,0,0,9.168937853061177,11.079750404254751,inf,0,54.13,73.99249396105607,silent,0.9587,0.8138366341590881,0.0
0215552f-6951-47e5-8cf6-3d1351d28957,miami,26,3,0,3.9683606546354455,9.201033968157528,36.33817303814197,0,52.68,69.55787956953048,advisory,0.9732000000000001,0.9384130835533142,0.0
0215f173-8164-4cef-b51c-fea24c98cba9,miami,34,8,0,0.0003177786901464023,0.0013346164827366714,19.679014265556738,0,53.45,72.17891679306825,advisory,0.9655,0.8644562363624573,0.0
021bb967-2faf-4528-a334-9b249d4b36ee,austin,29,2,0,12.028943764114704,13.507596586392683,5.408870997899177,0,54.41,65.99159208205873,advisory,0.9559,0.8426920771598816,0.1123145103991564
021d8f3c-0f97-40e9-90f1-96f22706f5b6,austin,30,8,0,7.210329982734486e-05,0.00018824516106092797,49.79286855015916,0,53.45,69.92432079414527,advisory,0.9655,0.9345110058784485,0.0
0228c7db-252d-49ce-8caf-fb6a131261b0,austin,67,2,0,3.9499278957032806,7.641006346153217,38.15916640481768,0,54.41,72.1362070542574,advisory,0.9559,0.874478280544281,0.0
022accfa-a406-419b-bdad-b2867370b477,miami,29,0,1,2.7094725090130143,6.095116549401887,42.35216657863797,0,53.66,73.38619512915612,advisory,0.9634,0.8287462592124939,0.0
022c5148-8d15-4429-b649-6e7dc3354dc8,miami,16,3,0,5.821071185083371,8.540726943561728,47.873263022408544,0,52.68,70.14434823751449,advisory,0.9732000000000001,0.92033451795578,0.0
022caabc-26fb-4ef7-8495-63ac3894b018,pittsburgh,23,8,0,1.4852196924842718,4.975659213863627,61.395509531306274,0,53.45,68.5319534778595,advisory,0.9655,0.9777746200561523,0.0
022d8a5b-10e5-436f-85e5-aa3240c778e5,washington-dc,36,1,0,8.518931954116978,8.91395600251722,7.363975918345425,0,54.26,71.29971227645873,advisory,0.9574,0.8993196487426758,0.0
022dc6e2-adc2-4991-988a-d85957d41262,palo-alto,34,1,0,7.912765296183878,10.796343947751874,95.78902004058175,0,54.26,69.29978000481924,advisory,0.9574,0.9619872570037842,0.0
02310b3c-10fc-4848-a883-d9578d0e175e,washington-dc,74,1,0,14.726959087485488,15.633727623206152,19.747648180660107,0,54.26,70.40325912952423,advisory,0.9574,0.9274098873138428,0.0
023247e3-b62d-4d81-8453-5d24354e3c9f,miami,56,2,0,7.964176232039662,11.73229924964993,14.317798993831717,0,54.41,70.46604063411553,advisory,0.9559,0.9268948435783386,0.0
0236e0f6-fa31-45ec-82b2-c1abcdc486fc,washington-dc,72,18,0,0.00018778840714828794,0.0010509838984176921,2.7702021470234763,0,53.45,28.732404923414457,emergency,0.9655,0.9225063920021057,0.6459595705953047
02382383-9a0f-4654-8a6f-468d285ae847,washington-dc,66,0,0,15.164508152999888,15.542762745941143,inf,0,54.13,69.51612679421902,advisory,0.9587,0.9539127945899963,0.0
0238aa4b-940b-4bed-b4b2-785d19213cd4,miami,98,78,0,0.003413924411504787,0.09295311725486874,5.272405361010796,0,53.45,65.77920493390863,advisory,0.9655,0.9105131030082703,0.07639743709386647
023a6721-dd09-4edb-9d0d-9bbd2ffde5ce,dearborn,67,3,0,12.64994331468543,14.567772044631251,17.425431483640295,0,52.68,73.4644989824295,advisory,0.9732000000000001,0.8179870843887329,0.0
023c4757-bfc8-4569-b32e-11dd0c9f53e1,dearborn,41,1,0,8.075424617881897,11.172651397867753,30.532400928667588,0,54.26,75.83306303501129,advisory,0.9574,0.7572677135467529,0.0
023f9e9c-75f1-494d-9b69-3ca2cd17a8d6,pittsburgh,20,1,0,0.5227266470711032,2.0340320889869075,38.07743077313117,0,54.26,79.65069845676422,silent,0.9574,0.6376426219940186,0.0
024057e0-ceb2-4469-a7ee-ebb8c2571290,austin,45,5,1,0.45793305498673426,3.5450837558882005,19.277054690970257,0,53.43,72.72968611001968,advisory,0.9657,0.8471672534942627,0.0
024338e0-da9b-42a3-a67c-9e2b80e3e466,dearborn,33,9,0,7.927055772096319,13.303975055464619,2.0863525483467456,1,53.45,43.30470992493207,intervention,0.9655,0.9397691488265991,0.41093298242359216
02461a3b-b783-458c-93b1-5726183b6869,pittsburgh,39,9,0,3.523659534335833e-05,0.00010572606760871338,32.72013517312153,0,53.45,70.53542410929998,advisory,0.9655,0.9155228137969971,0.0
02464d4a-8287-46b2-88e8-4ca9a7f8db86,pittsburgh,44,22,2,2.7368315603846702,5.31173112244386,4.273219142787781,0,53.15,48.540000845839856,intervention,0.9685,0.9205667972564697,0.33672226715638276
02491617-bad6-4ad0-aead-e8cabc6bb48c,austin,29,5,2,4.695300655660903,10.767414247066114,17.345764771177006,0,53.6,74.18522598743439,advisory,0.964,0.8033643364906311,0.0
024bfe25-e29a-4b12-9edb-5bb727cf27a1,austin,47,0,1,5.605484570201067,12.790224578114373,48.71120021567201,0,53.66,72.1568140943845,advisory,0.9634,0.8670288324356079,0.0
02509248-5f65-4af6-bc9a-a88369bf32c2,austin,19,0,0,15.403950211137282,16.010679301774804,inf,0,54.13,69.49263722280661,advisory,0.9587,0.9546478390693665,0.0
0253511d-47fd-446f-bacd-1f81047c24b9,miami,40,11,0,0.12852980196910063,0.6681998134876047,39.65081699893095,0,53.45,69.99120916525523,advisory,0.9655,0.9324326515197754,0.0
02538229-02ca-487c-842a-20a60c8767b5,austin,44,10,0,9.987678132805755,11.376052589054973,5.928403876829791,0,53.45,72.37118516408701,advisory,0.9655,0.8420149683952332,0.008233554164574008
02547d9c-2dd4-4b6f-8678-10ce8b82f320,pittsburgh,33,2,0,10.617401670482222,11.14731479940142,25.69862726865995,0,54.41,74.78448183874289,advisory,0.9559,0.7913647294044495,0.0
025487a2-79fe-4db5-99cc-3bb248999f79,miami,36,10,2,0.28309670924123814,2.6502951044890124,17.94731441759952,0,53.15,71.95209425985813,advisory,0.9685,0.8688045144081116,0.0
0255d5d9-15ee-477f-8a5d-e021a5462305,pittsburgh,55,19,1,6.36345779844155,7.675077692507254,8.904780195701264,0,52.98,71.3002126967907,advisory,0.9702,0.8874393105506897,0.0
02590051-6153-4257-b586-9545f58d20f2,austin,35,3,0,12.692353587379584,13.270153248057229,26.865508101260666,0,52.68,70.15482241153717,advisory,0.9732000000000001,0.9200116395950317,0.0
025a13f9-b08a-429a-9059-7e9eb1e06c45,miami,39,1,0,0.00012666169425824483,0.00042058134787908687,19.170209886607985,0,54.26,74.05860411087673,advisory,0.9574,0.8128701448440552,0.0
025dc8d5-bc7f-49b0-9a7e-ffe18b3e1125,washington-dc,25,1,0,3.4229375571355896e-05,0.00010287343942526317,31.475098144724456,0,54.26,81.39850399414699,silent,0.9574,0.5828753709793091,0.0
025fd3a0-aee2-4739-b16a-4f7810831f1f,pittsburgh,73,5,0,4.110351767908083,9.987698948042256,80.2492970999705,0,53.9,70.5041658480962,advisory,0.9610000000000001,0.920785665512085,0.0
0260d253-e5c1-4fb7-a7d8-95d6c4980f06,washington-dc,74,6,0,0.0385398255117669,0.25729717294355176,49.19719375699302,0,53.45,71.92457831303278,advisory,0.9655,0.872359037399292,0.0
0264af5e-1e0e-4886-8b6c-526c2eab3b14,pittsburgh,33,4,0,3.666290187527677,7.338694878308013,63.823621171387536,0,53.9,73.03362481792767,advisory,0.9610000000000001,0.8418223261833191,0.0
0266f999-928b-441a-8c82-3a67038f646f,dearborn,43,2,0,14.762182317694625,15.44164644150949,55.16854723641298,0,54.41,70.28432302395503,advisory,0.9559,0.9325978755950928,0.0
0269b56d-c68f-4a49-bed0-360757923c69,washington-dc,32,0,0,7.911581823630977,11.129747508399099,inf,0,54.13,75.91819310168425,silent,0.9587,0.753576934337616,0.0
027b81a3-f7ae-41dc-aa94-229b40dd98b1,miami,75,8,2,4.1892128429284305,4.8997596108683155,4.419844595282164,0,53.15,49.05743208601766,intervention,0.9685,0.9617229104042053,0.308130303919978
027ce064-d67b-4ef6-b246-a0971274e132,pittsburgh,68,17,0,8.939880953839882,10.730688004693775,5.439856245655913,0,53.45,65.73066588861991,advisory,0.9655,0.9471859931945801,0.05881509420612918
027e4177-b97d-4f7c-a0f6-591ca68330f9,dearborn,25,3,0,0.10899423686566428,1.6181948288366574,65.49044194839259,0,52.68,69.19368884563445,advisory,0.9732000000000001,0.9496396780014038,0.0
027ef393-57cd-48e8-a2bb-39e78b9c6fb4,pittsburgh,28,0,0,5.580519675587494,10.807215119410555,inf,0,54.13,71.03784987807273,advisory,0.9587,0.9062944650650024,0.0
027f22a3-4bd9-42ae-a165-a9d6b4e2ef78,miami,44,12,0,7.283495842551214,8.157074711286418,16.786590520141132,0,53.45,71.31197106937567,advisory,0.9655,0.8913939595222473,0.0
02807b27-d648-4887-a79e-6f7b775eb34c,pittsburgh,43,2,1,7.825169347763901,10.84873097493336,42.55042333769402,0,53.51,71.04768277565638,advisory,0.9649000000000001,0.900165319442749,0.0
0280d95b-37bb-4af9-9b35-64e9e3a09897,washington-dc,60,0,0,10.496669503236918,12.32901037935859,inf,0,54.13,69.49248484154542,advisory,0.9587,0.9546526074409485,0.0
0284deea-c47e-47c6-b949-13efe955b070,austin,12,0,0,0.6575573945996206,4.1635400718901705,inf,0,54.13,75.52760564347109,silent,0.9587,0.765799343585968,0.0
028a6168-6c93-44a3-8be7-874a717f3770,washington-dc,57,1,1,10.582726271797434,13.409268431823973,25.661367397136782,0,53.79,72.62827575147153,advisory,0.9621,0.8534993529319763,0.0
028ccc06-4cae-4395-ab18-f037e07e9c42,miami,92,6,0,0.00021524344745022615,0.000740448013427566,30.81277533036739,0,53.45,69.73651004930336,advisory,0.9655,0.9403466582298279,0.0
029012ee-19d6-4d7d-b45e-09cdd77d0e92,miami,47,11,0,5.573353638496353,8.760011959279495,3.954341020671673,0,53.45,48.71051146963313,intervention,0.9655,0.7754025459289551,0.4091317958656654
02994e7a-1be1-4e43-9f16-02f8aaca86b4,austin,24,1,0,8.095585365538437,11.145284074619386,60.98438059217365,0,54.26,71.73526840964954,advisory,0.9574,0.8856715559959412,0.0
0299fdda-3967-47f6-9cfa-0a57869df3ff,washington-dc,68,1,0,0.9305770044822486,5.13744030097395,15.42929237443529,0,54.26,70.95441852609316,advisory,0.9574,0.9101393818855286,0.0
029e1006-cff6-47cb-81de-d1c18deee079,dearborn,31,0,0,2.709643552184921,5.317704674608839,inf,0,54.13,69.51672679543495,advisory,0.9587,0.9538940191268921,0.0
029e621e-c82d-4a2f-8498-1ebbd94c6a35,pittsburgh,26,5,2,4.901567308754495,7.084494638267333,31.125071164049547,0,53.6,69.84817436536153,advisory,0.964,0.9383348226547241,0.0
02a69394-a6db-4322-ac2d-b38119e94c15,miami,40,5,0,2.7014671992339405,5.188325287868237,5.377721462290816,0,53.9,70.03190642105066,advisory,0.9610000000000001,0.8048499226570129,0.06533924645946443
02aa936c-8c1a-4be9-97f2-76455b9351a7,miami,20,5,1,2.8821131572011452e-05,9.220195444519323e-05,4.1940162449355745,0,53.43,48.3884114859219,intervention,0.9657,0.8990086317062378,0.352166832237563
02ad9a10-525b-4c1b-bc2e-1c0762af13a8,miami,18,2,0,0.4313874090521656,4.196141726860248,3.152904569963985,0,54.41,42.19425147416236,emergency,0.9559,0.6753395199775696,0.569419086007203
02ae120e-ebc6-49bf-924a-f7f328a18cf4,pittsburgh,36,6,0,8.483598651092787,11.001903378232944,18.846699191827767,0,53.45,76.13810065289339,advisory,0.9655,0.7414365410804749,0.0
02b186e4-b7f3-4c47-a492-3219e3d6e3ba,dearborn,13,0,0,1.2043786358159903,3.5975411426975756,inf,0,54.13,88.48635666698218,silent,0.9587,0.36028924584388733,0.0
02b57064-6fe3-41a4-8ad5-24e51abbdac4,dearborn,15,7,0,4.317251378767164,5.7938503253318165,55.310667973531466,0,53.45,76.85301340023676,advisory,0.9655,0.7192227840423584,0.0
02b6146b-376b-43d1-a8bb-6a73088d7260,pittsburgh,25,3,0,10.786574353288719,11.183805607920531,2.2796601878412845,1,52.68,21.180627349643665,emergency,0.9732000000000001,0.978764533996582,0.7254662633709495
02b79459-8195-4715-8541-3657915e6245,pittsburgh,51,0,0,9.88930900184974,10.634503633734608,inf,0,54.13,69.38053794801236,advisory,0.9587,0.9581556916236877,0.0
02b8441d-1c61-4e33-91ff-ed2a5929b395,palo-alto,35,0,0,9.506144788701942,14.02619981452864,inf,0,54.13,70.35288087089857,advisory,0.9587,0.9277287721633911,0.0
02baa3c0-37b0-4599-baff-a4101532687d,austin,50,0,0,10.911311047107553,13.386937974200919,inf,0,54.13,72.85461355984211,advisory,0.9587,0.8494436144828796,0.0
02bb77b3-e288-4e26-9139-f47f6863fbc2,austin,32,2,0,5.638320774081796,10.42987315291289,78.07409012458267,0,54.41,69.79166985273362,advisory,0.9559,0.9480593204498291,0.0
02bd8f8c-e552-42d4-a23c-8d9d2e153b7b,austin,29,8,0,5.96344542036695,12.529807440689952,39.78107029516309,0,53.45,73.69631734887759,advisory,0.9655,0.8173075914382935,0.0
02c16161-8786-4047-ba2e-a62e0faa419d,miami,37,6,0,0.012814905113028213,0.25056961711318687,5.382670982595828,0,53.45,72.06370574048584,advisory,0.9655,0.6828373670578003,0.09259935261062587
02c22132-7ab8-4b93-9925-cc5bc1759061,dearborn,8,0,0,8.062539601520697,12.342732685987563,inf,0,54.13,75.67624594469865,silent,0.9587,0.7611480355262756,0.0
02c4c773-a4f1-4f9b-a186-d0d34ff93641,pittsburgh,50,6,0,11.718412235801237,13.65901143657478,9.353360516232405,0,53.45,68.72816627224286,advisory,0.9655,0.9716778993606567,0.0
02c86c81-b43b-4c93-9033-4f21da22a24d,pittsburgh,24,8,0,0.7986624605118334,4.185752327148307,47.75010130839944,0,53.45,76.07283897995949,advisory,0.9655,0.7434643507003784,0.0
02cc4ddf-7f67-4f14-9e66-653810ccdfc2,miami,24,7,1,0.00019798754178256944,0.0009276921370564721,8.84446443406571,0,52.98,76.73358273148536,silent,0.9702,0.7194315791130066,0.0
02d3faab-eb6c-4f42-a922-857e314c1507,austin,33,4,1,0.00021248512374500897,0.0006862465031070385,10.901870781692661,0,53.43,70.9656902974844,advisory,0.9657,0.9019667506217957,0.0
02de1808-f374-41ce-84cb-a311dd8ac17c,washington-dc,82,0,0,7.789739791203338,10.220435189655607,inf,0,54.13,68.19282887438933,advisory,0.9587,0.9953219294548035,0.0
02df3560-c7df-4c72-9aba-45babf8aef8e,washington-dc,78,14,1,8.721803781055774,10.853704299857721,16.256113927619733,0,52.98,68.61368134856224,advisory,0.9702,0.9705107808113098,0.0
02e4437b-309e-452f-90c8-bb8bc7cd0bee,dearborn,15,3,0,1.947854320874179,7.8145987823300205,115.55300395371,0,52.68,71.28501034498214,advisory,0.9732000000000001,0.8851723074913025,0.0
02e8bdb8-c5a0-4f88-b404-f0e305fca367,miami,58,9,0,4.4490400273262996,6.359897337396722,13.20689697299324,0,53.45,71.00894290407498,advisory,0.9655,0.900809645652771,0.0
02ea59b1-3aac-46cf-b3f7-0358aa842499,austin,42,4,1,2.986802651797137,8.4796346231677,48.45488062292241,0,53.43,71.52459605515004,advisory,0.9657,0.8846040368080139,0.0
02eb864b-0f8d-4e20-8f61-87425c8302c6,pittsburgh,12,1,2,8.26384880154517,9.673316486169327,2.1240121598031827,1,53.53,23.365576831926493,emergency,0.9647,0.9490426778793335,0.7170577504364113
02eb9cea-68ef-44a4-9951-e0301ffcaace,miami,43,5,0,3.0676199766250143,9.302342318408138,42.32408806835557,0,53.9,72.23463284770648,advisory,0.9610000000000001,0.8667648434638977,0.0
02ecb39d-b566-4a45-b641-694b6dc452c3,dearborn,27,3,1,11.814015352863493,13.555775306892249,6.460780567171241,0,52.21,74.21786466777324,advisory,0.9779,0.7909439206123352,0.0
02ed805c-5223-4a48-a9d1-3768bc72aa7c,austin,8,0,0,2.7318693313641416,7.824835591117182,inf,0,54.13,76.69035085697968,silent,0.9587,0.7294142842292786,0.0
02eef7c9-620e-4823-b97a-082397bc8078,pittsburgh,35,5,1,6.589084539906077,10.98996521824138,4.534309302344061,0,53.43,62.63727734841675,advisory,0.9657,0.8528984189033508,0.15389752325387374
02f2d954-5514-4c12-a608-8d5a0aebbe61,palo-alto,27,2,0,10.473861507691321,11.029941382797174,45.54585560043871,0,54.41,70.1345689946413,advisory,0.9559,0.9372977614402771,0.0
02f59b36-3288-4c79-ac01-b5afd35eb53e,dearborn,17,0,0,15.231893199018588,15.79233585519797,inf,0,54.13,69.93569526354472,advisory,0.9587,0.9407835006713867,0.0
02f9c042-d28b-4104-88a6-889715346890,austin,28,1,0,0.5303235233003403,3.2899024433639648,54.09251283978211,0,54.26,72.3939201617241,advisory,0.9574,0.8650327920913696,0.0
02fa3af3-1e85-4037-abd1-cd30bfb0b86f,austin,37,0,1,11.913295590597949,13.454187393097534,67.66846188840019,0,53.66,69.05619367480278,advisory,0.9634,0.9635812640190125,0.0
02fa5a73-aac4-4c52-ba41-a7f5804d93ab,miami,75,14,0,0.00010297643030390489,0.0005303388876181907,4.346600548597464,0,53.45,53.87412010801742,intervention,0.9655,0.986804723739624,0.22320892593934252
02fb0b7d-7396-4cfd-afd9-5ad6a8302e51,pittsburgh,76,10,0,8.371672542991288,11.045514067474855,5.171962675557005,0,53.45,61.94446618857068,advisory,0.9655,0.8678067326545715,0.1573270916441691
02fc0395-856b-4131-a6eb-2a5d211d41c9,pittsburgh,51,6,0,0.0026450186112095438,0.10856110670775378,5.994512835283152,0,53.45,70.97308315023811,advisory,0.9655,0.8997290134429932,0.0010974329433695474
02fdf762-5621-417e-b488-a43a4be7fb06,austin,10,0,0,7.1848778297420886,8.94832532178871,inf,0,54.13,69.26734724243482,advisory,0.9587,0.9616976976394653,0.0
0300c983-cc75-403d-a471-649bd76d34f2,miami,46,1,1,7.857890689253463,8.85375015303143,18.673286696796932,0,53.79,74.92428385794163,advisory,0.9621,0.7819057106971741,0.0
03046c11-3a07-4553-8213-b9bb37171336,miami,80,38,0,7.460744505622242,8.990260569571202,3.2358686148013427,0,53.45,39.5558466057623,emergency,0.9655,0.8001084923744202,0.5390056201137382
03068be2-baec-4927-81f9-5ab2f87bd890,austin,30,1,0,12.179316082011487,13.47060855153829,36.78439421142493,0,54.26,75.4358244740963,advisory,0.9574,0.7697151303291321,0.0
0306f815-82cf-4ea7-948a-b4c0c7aadd2b,miami,37,4,0,4.250371314300658,8.020870017258643,56.01960313939208,0,53.9,71.99715161323547,advisory,0.9610000000000001,0.874178409576416,0.0
0307fa81-9363-4b36-83d5-9eb7f1d5e188,pittsburgh,48,4,0,1.0464113322343673,4.304148815193697,6.279383927970238,0,53.9,74.86996064980825,advisory,0.9610000000000001,0.784496545791626,0.0
030a3893-bd32-4855-936f-992c77fd4aab,pittsburgh,57,12,0,9.943928296943943,10.97977766203841,6.924867957033776,0,53.45,73.16394200523695,advisory,0.9655,0.8338495492935181,0.0
030c97d9-a9f6-4f3a-851c-b3491a09d4eb,dearborn,25,2,0,9.316730760838626e-05,0.00028299016200779525,6.9968581822964655,0,54.41,68.64799849609534,advisory,0.9559,0.9839523434638977,0.0
030fdfe8-8404-45b0-ada4-117e24498069,austin,73,2,0,10.25223431460544,11.137934451872345,41.73009742501914,0,54.41,69.81580492019653,advisory,0.9559,0.9473018646240234,0.0
0319dd70-604b-4681-a139-a63b5777df2f,austin,33,1,0,5.9090193555769295,8.440774638271003,48.99816815267186,0,54.26,68.98565542340278,advisory,0.9574,0.9718303084373474,0.0
031d46d5-aff7-4789-b998-a35511f89389,pittsburgh,50,1,2,8.405323428588441e-05,0.00013900058290735158,5.743345061171619,0,53.53,71.28922332348822,advisory,0.9647,0.7901785969734192,0.05133098776567628
031d5bf6-1d44-4fbc-918c-61eb9203a170,pittsburgh,33,2,1,0.9923346801948206,3.790944925925841,17.022543369571892,0,53.51,73.9212537487348,advisory,0.9649000000000001,0.8108222484588623,0.0
03219b3e-b385-4779-99f5-aa1ca5783f33,miami,61,6,0,9.770461911077035,13.145382595071316,12.187219643315025,0,53.45,68.30616278350354,advisory,0.9655,0.9847903847694397,0.0
0324a545-ba68-4fdc-b4f8-aadf0c57d62f,washington-dc,50,3,0,8.425644503611565,9.89623260764569,39.77550945480315,0,52.68,70.9177413702011,advisory,0.9732000000000001,0.8964937925338745,0.0
0325149c-9366-4a2a-a582-81acb67ae829,washington-dc,31,2,1,2.525982383181219,6.273506446238577,65.15387629484376,0,53.51,71.49136312464873,advisory,0.9649000000000001,0.8863707184791565,0.0
032618a4-3f4b-456a-b575-17297fcc1ceb,palo-alto,21,1,0,0.0036131341738893396,0.0690318554087858,51.37092543197696,0,54.26,69.17299380819003,advisory,0.9574,0.9659600853919983,0.0
032cfd2b-f5db-4f2b-bc27-d1d89305a666,dearborn,33,16,0,2.0028952555956683,6.05660210142991,5.362372545839069,0,53.45,67.43610830371361,advisory,0.9655,0.7950313687324524,0.10839666720735834
032d083b-3926-4b24-bff4-cc61bd423960,austin,26,5,0,12.326702165504718,13.377615083517737,105.53768115035628,0,53.9,71.59020349184672,advisory,0.9610000000000001,0.8868823051452637,0.0
0332eace-a5e2-426b-ad40-6651f7759d47,austin,16,0,0,0.4230700064276546,2.1512858977894185,inf,0,54.13,82.81312326510746,silent,0.9587,0.537818193435669,0.0
033e8dfd-8bd9-4a6d-b016-7238c2dfed7a,miami,6,0,0,4.999060786171601,9.660470755431712,inf,0,54.13,78.10678610841433,silent,0.9587,0.6850906610488892,0.0
033f03e4-b7c5-4bbe-80ce-43bfaa9e40aa,palo-alto,14,0,0,6.41374850751763,10.027987356988119,inf,0,54.13,71.97777749717235,advisory,0.9587,0.8768818974494934,0.0
033f0897-01d9-4bac-a48d-beefb0a33b39,austin,70,2,0,12.969302915759364,13.479890673181078,9.601957296787456,0,54.41,70.63515133698782,advisory,0.9559,0.9215874671936035,0.0
033f78a3-b3d6-4924-9205-ab524f062dd6,pittsburgh,13,9,0,0.0001065157636809541,0.0002396227609703275,28.172900755243855,0,53.45,80.03148572246234,silent,0.9655,0.6204613447189331,0.0
03418ae6-9c6c-4853-ace9-6b29fffc9930,austin,44,10,1,3.8314921293266884,9.93285888635621,25.064512265095864,0,52.98,73.12567877650261,advisory,0.9702,0.8309932351112366,0.0
0343292a-3214-4da9-b05b-eca3f2336d73,austin,41,1,0,3.1366052031467406,6.421509042340474,17.062658843920484,0,54.26,71.61802736679714,advisory,0.9574,0.8893452882766724,0.0
03439826-bc62-468c-b0f3-f70cd248e38e,miami,52,2,0,0.3391516078014332,2.4887711786213154,29.762790052509494,0,54.41,72.07994507451852,advisory,0.9559,0.8762440085411072,0.0
0343f631-e928-4f53-8b7b-d753d8a0f012,pittsburgh,23,3,0,9.960803749561265,11.200051484871114,4.6523973951849085,0,52.68,52.29762066014034,intervention,0.9732000000000001,0.944915235042572,0.26278250793894287
03467aa3-7094-4b5c-83fc-d7eac8e3bd4f,austin,35,12,1,5.7226258881926455,11.867758983646054,5.61730750967448,0,52.98,64.97336741877709,advisory,0.9702,0.9644399285316467,0.05931733600045566
034c467f-edb4-43c6-a41c-5489edf90ace,austin,17,0,0,7.331630240129464,9.045577195623535,inf,0,54.13,74.48706067760786,silent,0.9587,0.7983604669570923,0.0
034cbdd6-ed26-448e-867d-6eac40a106e7,austin,17,2,3,4.451034661859654,8.84552766100546,65.4446514835363,0,53.68,75.60079376220703,advisory,0.9632000000000001,0.7599420547485352,0.0
034dc4cc-785d-4a0a-aba3-db9d2ed6f80d,miami,33,23,4,5.916034754190413,9.762908290589094,3.6623722619878536,0,54.13,43.605934589808214,intervention,0.9587,0.8530294299125671,0.45583740891236857
03504b48-db27-47c2-859e-5ddb67d13e0b,dearborn,54,2,0,8.404524031955745,13.628566435412457,5.249092704001509,0,54.41,67.86599713027391,advisory,0.9559,0.8432950973510742,0.08259980255983412
0361c9c4-2afe-4440-ad10-a45fe1b89045,palo-alto,59,2,0,0.023559967084270682,0.42386577988245766,46.91368036130712,0,54.41,71.01390552600225,advisory,0.9559,0.9097006320953369,0.0
0362f719-8568-46b3-a855-787a337be0dc,washington-dc,46,4,0,0.00012146129559425557,0.00033069999112700994,33.43582988133666,0,53.9,69.96015799045563,advisory,0.9610000000000001,0.9377682209014893,0.0
0366a64a-cb8f-4a14-8aea-c42974734ba0,miami,48,14,6,0.0001299036462896721,0.00022510513953075345,3.862161901073445,0,54.65,49.385939634723094,intervention,0.9535,0.8014716506004333,0.39550004830141267
036db4b2-d27a-40d6-b255-35c166ed2967,miami,44,12,1,5.439745868051016,7.073055544855369,2.9513540871654134,0,52.98,39.8895725757073,emergency,0.9702,0.6392437815666199,0.6097291825669173
0373993d-00e7-4113-8657-a8e1b0838ea4,miami,12,1,0,0.005412185531159361,0.2341041995018113,49.911436742811404,0,54.26,77.524856894811,advisory,0.9574,0.7042555809020996,0.0
037a7f53-8430-447f-8fd7-cb26536c4c78,pittsburgh,29,0,0,7.732618487461008e-05,0.0002453256537503824,inf,0,54.13,77.92798955559729,silent,0.9587,0.6906856298446655,0.0
037ffad2-3957-4598-8041-513514182a5d,austin,26,0,0,5.4141129368996666,9.10455784212754,inf,0,54.13,78.25025687535604,silent,0.9587,0.6806011199951172,0.0
03860546-32d9-4d54-9eb7-2ccdee3dfbe1,miami,54,0,2,0.7804832018249154,3.6648962882402487,25.294007748692557,0,53.83,75.40709620237351,advisory,0.9617,0.767169713973999,0.0
0388916e-09e1-4749-b896-0c81cfb8e227,austin,22,0,0,6.4311003968715115,8.522726361515398,inf,0,54.13,78.72454736034075,silent,0.9587,0.6657594442367554,0.0
0388f280-f4cf-4f22-8b61-3408b9d41816,washington-dc,92,4,1,0.292564622479864,1.6858645291992476,4.167759893409865,0,53.43,58.62493357712086,advisory,0.9657,0.845601499080658,0.21986881279081633
038bb426-003e-456e-8e12-306ae67f649b,austin,27,2,0,1.1522811752329707,3.5262327428197016,32.8120470561916,0,54.41,71.07166217823824,advisory,0.9559,0.9078879952430725,0.0
03959fe1-bb37-4d9a-a610-50a28d3101a6,pittsburgh,22,16,1,4.728768998064162,9.560891165681182,14.558550389490208,0,52.98,71.34676265239716,advisory,0.9702,0.8859999179840088,0.0
039a20c5-36fd-438e-add8-498f3781a679,austin,47,3,0,12.551894910162304,13.484666239429282,17.746951019057793,0,52.68,72.00375485658645,advisory,0.9732000000000001,0.8630161881446838,0.0
039b426d-f970-40c0-b316-191fadaa0863,austin,60,5,0,7.183196159369191,10.257895141007188,27.832157582785758,0,53.9,69.40624831914901,advisory,0.9610000000000001,0.9550598859786987,0.0
039c3bd7-baf7-429e-adcb-3f0124360e9a,washington-dc,116,8,0,13.019768778470318,13.399350278035692,33.26696912610663,0,53.45,69.02053457697232,advisory,0.9655,0.9625934362411499,0.0
039c8d26-7741-42b4-a329-8cc63fb7bac7,dearborn,31,1,0,6.601879466412188,11.103311179089658,60.268195902206436,0,54.26,71.28456899841626,advisory,0.9574,0.8997941613197327,0.0
03a27f05-7a66-4544-b9cb-28f7de91d0f7,pittsburgh,36,0,0,6.673390574272496,8.953150123122956,inf,0,54.13,71.76062848567963,advisory,0.9587,0.8836770057678223,0.0
03a32a48-8d16-45fe-9e41-6939b79524ae,austin,21,0,0,3.83603524367414,8.2981069723741,inf,0,54.13,72.00962899029255,advisory,0.9587,0.8758851885795593,0.0
03a404ef-b5a3-4cac-80b0-1ab50401dc80,dearborn,29,0,0,0.22860184974718023,2.256041850229335,95.91695827419278,0,54.13,71.4654126493136,advisory,0.9587,0.8929150104522705,0.0
03a49a6a-6197-4f48-9eae-080bf2752efa,austin,48,0,0,8.749968324283838,10.731760983886819,inf,0,54.13,69.10428976913293,advisory,0.9587,0.9668001532554626,0.0
03a4e06a-bccc-459f-ac32-076bba9d4e3d,pittsburgh,34,3,0,6.292944691375098,7.889091394662315,4.069757364238075,0,52.68,53.90093447920974,intervention,0.9732000000000001,0.648959219455719,0.3860485271523849
03a54244-d4a4-4b8e-8cbc-4f0729fe4cb1,pittsburgh,36,8,2,6.123701547576068,10.72746799865202,3.2529927246259676,0,53.15,34.15002767461364,emergency,0.9685,0.9409484267234802,0.5494014550748065
03a64339-2304-4ff7-8540-0dae906f7e09,austin,48,5,1,11.4075907033611,13.197050782960709,31.753416509807543,0,53.43,74.44072077751159,advisory,0.9657,0.7940130233764648,0.0
03a6c21a-dfbb-4047-b47f-6e8032f09fcd,pittsburgh,39,11,0,10.794256644315611,11.089006942072059,3.3374436382311146,0,53.45,36.86200337730017,emergency,0.9655,0.9500513672828674,0.5058857087360882
03aa159a-11c8-48a8-b007-c754b7417d64,miami,35,8,0,0.07075164074243406,1.6164901932752747,4.0730597023288215,0,53.45,48.51553516950563,intervention,0.9655,0.8289483189582825,0.3853880595342357
03ab4086-6585-4e07-8494-e61efadbf5e4,pittsburgh,9,5,0,0.00011594534019333966,0.0003925244903657082,30.510278232356445,0,53.9,90.483832954367,silent,0.9610000000000001,0.29707077145576477,0.0
03ad6094-9b04-4039-8cc1-488bf898e660,austin,33,0,0,0.7606709819658253,1.1322731312975327,inf,0,54.13,84.11225542167823,silent,0.9587,0.4971652626991272,0.0
03afc320-acb1-4717-8240-fca72512106c,austin,40,3,1,12.763508924022677,13.256956460458447,31.00400241406941,0,52.21,69.16293613990148,advisory,0.9779,0.9460189342498779,0.0
03b2fd2c-10a5-4e5d-a5a3-d2a941113b7e,washington-dc,22,0,0,2.1923054489412643,6.119174055291627,inf,0,54.13,74.93921778440476,silent,0.9587,0.7842113971710205,0.0
03b4f03b-b54c-423d-a8ab-96e522a74f41,pittsburgh,39,1,1,2.209976797214582,8.121663664266189,14.485856311062603,0,53.79,74.29962748169899,advisory,0.9621,0.8013836145401001,0.0
03b53590-22e2-4847-87a6-464bbf0b7465,washington-dc,49,6,0,9.124126519619228,10.790768729089795,50.22172426360698,0,53.45,74.26799625257652,advisory,0.9655,0.7995443940162659,0.0
03b843b0-4ff4-4ddd-9b5c-c2190a09a607,austin,27,0,0,5.127393711745691,10.94555801668401,inf,0,54.13,76.22079561968644,silent,0.9587,0.7441077828407288,0.0
03b86142-5dd7-47b5-931b-dc75a4ed88ff,miami,70,9,0,6.524861867434171,11.460140175648247,11.074784984177212,0,53.45,68.44376648664475,advisory,0.9655,0.9805147647857666,0.0
03b8e752-e33e-46a0-a2c4-98e2ffe60edd,pittsburgh,63,26,2,3.801597882820283,6.76989541179117,5.024621772099168,0,53.15,59.70381409936263,advisory,0.9685,0.8678064942359924,0.19019875444066217
03bfd760-d8d9-46f3-aa16-885efb85cf16,miami,44,0,0,0.1894664385773553,1.9648919778405576,inf,0,54.13,74.22966967980066,silent,0.9587,0.8064148426055908,0.0
03c378df-404e-4e3f-9206-f41869a7b7a0,dearborn,51,0,0,0.00020685497386481976,0.0006803025477055568,inf,0,54.13,69.08018114884695,advisory,0.9587,0.9675545692443848,0.0
03c94364-761e-4e62-a05e-0d62d5af9b7a,dearborn,13,0,0,15.218021281982091,15.744792836621293,inf,0,54.13,68.4349626984199,advisory,0.9587,0.9877449870109558,0.0
03ccf9b1-d7be-4312-94ee-a8fbb636a916,miami,47,5,1,0.9659225787759633,2.779048818579744,11.194298077595837,0,53.43,70.46893037497998,advisory,0.9657,0.9173988699913025,0.0
03cf6a50-b668-46ce-ba05-6bd4468b8680,austin,47,0,0,12.757409352252841,13.432390660270764,inf,0,54.13,71.9984937296311,advisory,0.9587,0.8762336373329163,0.0
03d2245b-361b-4f1b-aeb1-39cc105d9abd,palo-alto,2,0,0,6.058405910756926,12.872048677304932,inf,0,54.13,75.35358052889507,silent,0.9587,0.771245002746582,0.0
03dc1a2f-f3ea-4632-8231-4b69ceffa660,austin,51,3,0,3.9716646804763838,8.964435831526337,8.99672128922672,0,52.68,74.68028626680375,advisory,0.9732000000000001,0.7805090546607971,0.0
03dd6505-37c2-4032-bf3a-7a5dc95caa36,pittsburgh,16,0,0,10.772610492013579,11.406027393579175,inf,0,54.13,69.50468296150366,advisory,0.9587,0.9542708992958069,0.0
03e1c00b-a7c4-48ba-876b-284f56a0d95f,miami,44,5,0,6.63398510260379,9.480414149364451,105.18227675721715,0,53.9,70.60043836037318,advisory,0.9610000000000001,0.9177802801132202,0.0
03e52ed8-8f9c-4320-803d-d0f58586fdf9,pittsburgh,42,4,0,5.54635268241627,6.849769617114675,7.450130291778107,0,53.9,75.37784960865974,advisory,0.9610000000000001,0.7686415314674377,0.0
03e59942-053e-41bb-a202-a6c120e05247,pittsburgh,51,7,1,6.114731799090131,9.259241278728433,53.550420894659794,0,52.98,69.69018834710121,advisory,0.9702,0.9372236132621765,0.0
03ea387c-b884-43e0-a6b4-071120cd08a2,miami,51,2,0,4.126292990130694,6.482818573523441,27.036431596442384,0,54.41,70.38095445553463,advisory,0.9559,0.9295651912689209,0.0
03ef2306-f91d-436e-872d-6aa60d019611,miami,34,10,2,7.835644391317565,12.85841023337155,19.77430406266273,0,53.15,72.38326950371265,advisory,0.9685,0.8554485440254211,0.0
03ef2f53-ec8f-41c1-be64-91ab10b0dd1e,dearborn,67,9,1,3.3187806186341353,10.400867991353676,8.546648602467007,0,52.98,69.03244397044182,advisory,0.9702,0.9575620293617249,0.0
03ef8a00-676c-456e-bbe9-0fc6fb7b5ad3,pittsburgh,31,5,0,7.707425459602922,10.180603581113544,3.4996666124676405,0,53.9,41.955386279647946,intervention,0.9610000000000001,0.8868833184242249,0.4625616766934866
03f198e9-3ffc-4b04-9863-fb41d2431926,dearborn,9,0,0,0.7833638118728176,2.021796689502553,inf,0,54.13,76.72169758717219,silent,0.9587,0.72843337059021,0.0
03f3d173-aeb9-459d-8844-15573a4f8f77,miami,37,3,0,5.965990652442349,9.542464226067857,4.944562077077213,0,52.68,66.82809731633257,advisory,0.9732000000000001,0.800919771194458,0.11082098190689271
03f3e304-eaf2-497f-a4e5-daa4d9a54c8f,dearborn,27,1,0,0.2503963875099297,1.5717326923219237,91.48479401690425,0,54.26,71.36609275301298,advisory,0.9574,0.897239625453949,0.0
03f494d8-9efa-4116-a701-7ee0f4f27206,palo-alto,34,3,0,7.817735322279714,10.564056577977475,15.928472350552767,0,52.68,78.16761001110076,silent,0.9732000000000001,0.6730083227157593,0.0
03f4e972-afbe-4d5b-8c74-2472e7f30029,washington-dc,40,3,0,0.0003702313428027059,0.0007679048293436759,39.21048922328011,0,52.68,73.51851919174194,advisory,0.9732000000000001,0.816321849822998,0.0
03f6587e-bb2d-46e7-aadf-de76aa41c4a5,miami,54,3,0,7.729288167500008e-05,0.00019159231207638614,15.415900884148257,0,52.68,70.30101032495499,advisory,0.9732000000000001,0.9155052304267883,0.0
03f8ebd3-d8bb-4204-951c-5e016e2f4297,austin,37,5,0,9.293370327428823,11.163632580657664,25.095619385136366,0,53.9,72.08213040630022,advisory,0.9610000000000001,0.8715255856513977,0.0
03fc110f-101f-474b-a399-95d9b4664d7c,dearborn,11,1,0,10.668143870600613,12.376562971797641,45.77023896374558,0,54.26,70.79425282398859,advisory,0.9574,0.9151581525802612,0.0
04005f96-f7e1-4be5-8100-ca5d0c8158cf,dearborn,19,10,0,0.8563164456451533,4.387935907239919,18.567030022338496,0,53.45,85.16842399934927,silent,0.9655,0.460846483707428,0.0
04007593-6b60-42ca-8eb2-4de5308f6224,dearborn,71,0,0,13.81762266015433,15.795169729436365,inf,0,54.13,71.23485599160195,advisory,0.9587,0.9001296758651733,0.0
0401cc93-919d-44a5-bd3b-8e92b46b328b,miami,57,15,1,2.234493299358409,5.009318334028452,35.61152302427291,0,52.98,73.18119021058082,advisory,0.9702,0.8292767405509949,0.0
0401e4d2-ad48-4b87-bb04-caedbb53986c,palo-alto,57,2,0,9.841242808070353,11.127749872398702,65.52938520589417,0,54.41,70.70772556841374,advisory,0.9559,0.9193097949028015,0.0
040320ad-b3cc-4cbf-b9b8-e74267c84ec0,austin,37,8,0,0.06586543866422508,1.385957424398382,22.480464882947285,0,53.45,73.07847129305203,advisory,0.9655,0.8365052938461304,0.0
04076adc-262b-4f27-ab8f-51ff0ac97a7e,dearborn,41,5,0,9.323584427548344,12.50951651120822,59.541949670908735,0,53.9,69.45249433318774,advisory,0.9610000000000001,0.953616201877594,0.0
0409d524-492d-4e54-81eb-69d1f564fd8c,pittsburgh,34,0,0,4.63965062826368,9.83420763778012,inf,0,54.13,70.94681350310643,advisory,0.9587,0.9091432094573975,0.0
040b4d71-da76-40f6-8c04-69b6de088f5e,pittsburgh,37,24,0,10.45702821884989,11.232602541390872,7.826281987494189,0,53.45,68.4564424554507,advisory,0.9655,0.9801208972930908,0.0
040d2c8e-a999-4323-8218-9c27d65ac81d,washington-dc,67,10,0,9.151097155993522,10.452187199668453,5.594388547147603,0,53.45,69.38900907011005,advisory,0.9655,0.8497413396835327,0.05070143160654964
04127f9a-8ef0-425f-9e8f-3d14f014ff29,austin,14,0,0,3.279952273794449,9.708395782181105,inf,0,54.13,71.09571856677532,advisory,0.9587,0.9044836163520813,0.0
0417b507-cd8b-4772-9ef4-b81fe8dcade2,austin,34,2,0,12.805382812691972,13.260420556570885,3.3419608317808422,0,54.41,37.666998712967484,emergency,0.9559,0.946206271648407,0.5050274419616401
0418997d-1747-42f2-afed-66b6904e02e9,austin,23,0,0,12.068825577259616,13.190635562822402,inf,0,54.13,73.09457023660342,silent,0.9587,0.8419348001480103,0.0
041986e2-4e45-43d7-b11a-53159057bd1d,miami,47,2,3,6.18477989857428,7.58925436430309,21.721873694575663,0,53.68,73.75535112380982,advisory,0.9632000000000001,0.8174205422401428,0.0
04198bb2-6732-4e9e-b69d-14cb29f251c9,pittsburgh,24,2,0,10.081612880515387,11.097087735235426,40.56794536863357,0,54.41,69.20148502786954,advisory,0.9559,0.9665817022323608,0.0
041b48a8-77a0-4140-a0a4-4a6faafcaa5c,austin,33,10,0,2.8619739291217434,8.676586429189149,3.019507919623093,0,53.45,32.4192102948228,emergency,0.9655,0.9076723456382751,0.5960984160753814
041bb0ad-2153-46f2-8c6e-39c6bb5b48b2,washington-dc,31,4,0,0.0001712503937024399,0.003318525826488946,63.27606813866476,0,53.9,74.93718453248341,advisory,0.9610000000000001,0.782397985458374,0.0
041d6736-34a9-4474-a91a-d3ea0f3b9a29,miami,51,12,0,13.014876823721224,13.354566099954397,71.90653159596327,0,53.45,68.47822639942169,advisory,0.9655,0.9794440269470215,0.0
041e7d63-ea63-4e00-a5a5-ca80f4590bde,pittsburgh,50,3,0,0.7008044397778349,2.3392253353800574,10.327020530910913,0,52.68,69.68459445238113,advisory,0.9732000000000001,0.9345069527626038,0.0
04228a63-7b08-470d-b2fb-88ba6cb7d47a,miami,66,8,0,8.306806995909207,11.465982790197883,20.265162743248286,0,53.45,72.65493318339189,advisory,0.9655,0.8496654629707336,0.0
0424e1ff-4b0a-45ff-9641-a030a37a40b7,miami,33,0,0,6.609437806162475,10.873190630677628,inf,0,54.13,71.17717206517855,advisory,0.9587,0.9019347429275513,0.0
0425f9d8-9fbe-4f82-868e-287857dcff4a,pittsburgh,25,6,0,2.2519548294856495,5.146741452002961,4.743449536741363,0,53.45,65.92168434864787,advisory,0.9655,0.7950052618980408,0.131937798642157
04293a58-5a12-4454-91d3-cc728d55db85,pittsburgh,25,5,0,9.61142941964916,11.018909030859408,48.14966237215736,0,53.9,72.34130932887395,advisory,0.9610000000000001,0.8634346723556519,0.0
0432f21b-1d05-476e-af14-fe48315d92ed,austin,32,10,0,0.09909827654277613,1.55162912539588,19.226281485747883,0,53.45,78.62109812001388,silent,0.9655,0.664284884929657,0.0
0433b812-37b0-401b-b114-5a2400c977b2,washington-dc,53,5,2,8.25259466781538,11.009517399746183,12.18210738843442,0,53.6,71.12035222053528,advisory,0.964,0.8987442255020142,0.0
043b681e-fcf9-43cc-96c9-77416fe8e948,palo-alto,32,0,0,4.530412995353827,9.253175587790983,inf,0,54.13,73.77488971054554,silent,0.9587,0.8206459879875183,0.0
0441f342-b2ce-4ded-9672-a45173f72a0d,austin,65,0,0,5.422180968238746,10.027926030578811,inf,0,54.13,72.71175231794516,advisory,0.9587,0.8539140820503235,0.0
044cf9e7-b4a2-4e88-b14c-737685e78120,miami,18,1,2,9.285446313098744,11.109661883406115,50.58431942964171,0,53.53,73.42045652449131,advisory,0.9647,0.8265640139579773,0.0
044e7279-4f38-4b3d-8409-0a7c11a0b88f,miami,49,3,0,3.736924017100248,5.583424927176933,4.544907804813361,0,52.68,50.75700708056212,intervention,0.9732000000000001,0.9359345436096191,0.29101843903732777
0453822e-6641-4919-b303-9f023d9ba14f,miami,52,73,2,0.7804128980857461,2.9893797533018662,5.3122601792062865,0,53.15,59.98631582243298,advisory,0.9685,0.9643573760986328,0.1375479641587427
04542005-8f8c-4c29-9bed-a45ccca4dfc9,austin,34,0,1,4.663518732001471,8.184109852522486,37.59477439183567,0,53.66,71.78215506792068,advisory,0.9634,0.8786956071853638,0.0
045719b9-ed2c-4859-8c1c-9873481d4c98,dearborn,56,0,0,14.263196388892698,15.909738539726387,inf,0,54.13,68.83623970210553,advisory,0.9587,0.9751880764961243,0.0
045bfbec-6c4c-4e4e-b474-2e0e33f5c907,washington-dc,51,23,1,0.0554400359427658,0.766860879788265,24.37361566177543,0,52.98,68.68155457258224,advisory,0.9702,0.9684120416641235,0.0
045dc6dc-ca9b-4942-b008-44a90648b84f,dearborn,34,1,0,6.891553103790442,7.6669937164654955,42.799547024749,0,54.26,69.08797003706296,advisory,0.9574,0.9686242938041687,0.0
045f966b-6e83-411e-b7b3-2a8dbdebd427,austin,39,14,0,0.001459586063467198,0.0404033126132145,21.544908813104705,0,53.45,78.06354732016723,advisory,0.9655,0.6816090941429138,0.0
045f9c81-96b1-4477-a134-32baeed93710,austin,19,1,0,0.33529116645530654,3.0249228552738265,10.817878735126264,0,54.26,73.58848151008289,advisory,0.9574,0.8276013731956482,0.0
045fd937-8671-4e40-991c-9b02c19372a2,palo-alto,51,1,0,1.2789983904640028,5.195143620066361,21.8825263361325,0,54.26,70.70559778571128,advisory,0.9574,0.9179361462593079,0.0
0461d152-44bf-4a3b-8609-bfbe01b9af8e,austin,54,4,0,11.73037711777245,12.436057537035401,4.348462501451318,0,53.9,50.16256888471723,intervention,0.9610000000000001,0.9116994738578796,0.32204981221699297
04657af7-1b29-4831-ad15-4602bf931ca8,austin,52,1,0,12.575769971574456,13.321556423397555,15.853424273567127,0,54.26,72.55402499397596,advisory,0.9574,0.8600159287452698,0.0
0467d8fb-9727-4907-bad5-4dedcefb04a7,austin,60,5,1,9.691172954532324e-05,0.00019485268810859384,34.05100344782181,0,53.43,68.7323121148348,advisory,0.9657,0.9713478684425354,0.0
046c3777-ffa1-4e58-a071-d0e45522b44c,miami,66,4,0,5.109255832747488,8.617718211493578,6.29032574613688,0,53.9,72.85576831102372,advisory,0.9610000000000001,0.8473745584487915,0.0
046fb843-7436-439b-93e0-0278cfab0eb2,washington-dc,62,4,0,0.1591125577047546,2.0492849869874794,3.5757332503637986,0,53.9,40.243704403516325,emergency,0.9610000000000001,0.8957343697547913,0.4848533499272403
046fba69-fc9c-455a-abef-e9068f43909d,miami,36,1,0,1.7040713489691515,6.863733094131552,24.435264965069727,0,54.26,70.37067854086558,advisory,0.9574,0.9284307956695557,0.0
047077a9-096f-49c6-a09b-65dd96d1a5c6,dearborn,33,0,0,0.5909711463934648,1.900625301627785,inf,0,54.13,72.82798493444919,advisory,0.9587,0.8502768874168396,0.0
0470b14d-42cd-4679-98f7-747965af66c0,pittsburgh,41,2,0,6.5497917585044245,8.059927461261516,33.719611044040356,0,54.41,77.72201658427716,advisory,0.9559,0.6991730332374573,0.0
04760083-b2f0-4519-92d4-b07f31e3c512,austin,46,5,1,5.099381146200977,12.444342851035804,20.183574262379828,0,53.43,69.6310590815544,advisory,0.9657,0.9434278011322021,0.0
048218e3-41a1-4342-948a-2b4fa4b98bf4,pittsburgh,56,5,0,3.3567516254092835,7.839730931718974,50.27790277345559,0,53.9,73.82511119047801,advisory,0.9610000000000001,0.8171141147613525,0.0
0482b702-6553-43bc-895a-76d78a245e85,dearborn,7,0,1,8.36138186116838e-05,0.0001736772698860252,38.342855946605255,0,53.66,78.19886083245278,advisory,0.9634,0.6788812279701233,0.0
04832be8-34e4-4c9b-b3de-98fb665a0d0b,washington-dc,29,0,0,8.005648999712928,11.01619724862462,inf,0,54.13,71.72911413609981,advisory,0.9587,0.8846631646156311,0.0
0484a954-0537-4de1-8243-366914daabfc,pittsburgh,29,0,0,0.044553894413153716,0.6744530807455503,inf,0,54.13,72.34400109648705,advisory,0.9587,0.8654218912124634,0.0
04863ae1-01ca-47d0-a6b6-980f74147055,dearborn,27,0,0,2.956311023923344,6.876495527595931,inf,0,54.13,79.63885397513708,silent,0.9587,0.6371486186981201,0.0
04892447-9f9c-4d47-9d4f-d4c40c2cfe2f,pittsburgh,43,5,0,2.527608102708906,6.482045248928084,30.415956195647112,0,53.9,69.96998915870985,advisory,0.9610000000000001,0.9374613165855408,0.0
04923054-3816-4fe8-81f0-8f0911c73e27,pittsburgh,22,10,0,0.00028627006484390714,0.0005670659907836983,46.86373046450165,0,53.45,83.52377843161423,silent,0.9655,0.5119488835334778,0.0
0493aba2-d61a-440b-b51a-b4236069080f,austin,19,3,1,12.188245068614192,13.265494793495186,15.373349579967702,0,52.21,71.12355269829432,advisory,0.9779,0.885871171951294,0.0
0494d287-7c6a-475c-aea1-594e45e4ac46,austin,85,0,0,12.156646591395818,13.167662955698178,inf,0,54.13,71.2817951343457,advisory,0.9587,0.8986608386039734,0.0
04952b1e-9c94-47fe-b5f5-6279a62c9a1f,washington-dc,63,36,1,2.3693735906636157,4.758840666212788,4.0674268072116035,0,52.98,55.54539466509607,advisory,0.9702,0.9687609076499939,0.20292018524278185
0499c82d-458b-464d-a603-e355e5da4ec7,palo-alto,46,1,0,2.0159654640229347,6.07887399658884,46.257486445821,0,54.26,71.21664965589841,advisory,0.9574,0.9019224047660828,0.0
049b91df-a0c0-4ab9-8f6a-a7f7a64dba62,washington-dc,34,0,0,7.441217264291601e-05,0.00037827008580536856,inf,0,54.13,69.37469984094302,advisory,0.9587,0.9583383798599243,0.0
049d6799-e01b-40d9-92a5-0d7f3b6c542b,washington-dc,93,3,0,0.04669064411671616,0.8042367925578213,21.984770471007952,0,52.68,69.5296145749092,advisory,0.9732000000000001,0.9392843842506409,0.0
049ee267-2c2f-4390-9d32-b653b5cf270f,palo-alto,41,0,1,0.000930516106253515,0.0041298036959712,50.80683540598172,0,53.66,70.06527092973391,advisory,0.9634,0.932158887386322,0.0
04a49c79-972d-4d77-84ed-dbf71dd8050a,dearborn,10,11,0,10.49311378782274,11.097512193194842,16.04978309413143,0,53.45,73.77630179127057,advisory,0.9655,0.8148223161697388,0.0
04a5afea-8019-4716-b51f-e8a0eec4631f,pittsburgh,87,8,0,7.5411957892254335,10.013851959223892,59.558098161525265,0,53.45,69.87294744054476,advisory,0.9655,0.9361072778701782,0.0
04ad21d7-32bc-42e2-aec6-2d01edbd4838,washington-dc,66,5,0,3.753821858756803,9.631739665253802,14.740149433804822,0,53.9,70.04517687956492,advisory,0.9610000000000001,0.9351141452789307,0.0
04adeecb-79e9-4687-a4fa-a2cfa3ba9055,miami,33,2,2,11.389020803925362,12.09803186624483,26.00568682369265,0,53.68,73.68984495162964,advisory,0.9632000000000001,0.8194608092308044,0.0
04ae045a-1d40-4f8c-93f1-fb3e36d3b7e6,miami,67,7,0,7.3691407038300865,12.406107385213096,40.846771823022266,0,53.45,68.98335263033708,advisory,0.9655,0.9637487530708313,0.0
04b093db-80ce-4881-8fce-4895fb65dc49,miami,28,5,0,4.097611009177669e-05,0.000131454529821716,15.522090895395623,0,53.9,73.25470867951711,advisory,0.9610000000000001,0.8349206447601318,0.0
04b12dab-9486-44b2-8adc-6474b565f42f,dearborn,69,0,0,0.0009372523771994505,0.0036771244477799728,inf,0,54.13,68.71678422192733,advisory,0.9587,0.9789261221885681,0.0
04b1ce97-eb8a-45ae-a7b0-41f5a7585e23,miami,57,7,1,4.7292659434493,8.770844379229588,3.823067350496258,0,52.98,44.70653916582512,intervention,0.9702,0.8389814496040344,0.43538652990074844
04b233a3-1124-4b3a-a618-b63008872885,palo-alto,33,0,0,0.09725213201919138,0.547366506701601,inf,0,54.13,73.11340075095495,silent,0.9587,0.8413455486297607,0.0
04b33d11-6991-43f4-ab94-237bc69c84b8,austin,28,7,0,10.77588930130336,12.430869829900962,5.9727384841292555,0,53.45,68.17808348478339,advisory,0.9655,0.9827725291252136,0.002998766745781903
04b6c66c-6a10-4895-9973-0b98f9e43290,pittsburgh,14,2,0,8.86683521718826,11.251220653627996,46.6054551785494,0,54.41,71.86743569155534,advisory,0.9559,0.8829134106636047,0.0
04b8bf6d-7847-4846-a230-a62fd57dc3e7,pittsburgh,27,32,1,0.4710950704645312,4.147826900532321,3.905920005560028,0,52.98,44.159381546309895,intervention,0.9702,0.8890414237976074,0.41881599888799437
04ba916b-af9a-4a5e-b2a9-2d08377e1ec9,dearborn,31,11,0,8.767655226620894,11.04546438080358,9.637016168505976,0,53.45,69.34045124550661,advisory,0.9655,0.9526529908180237,0.0
04bd90b0-7719-4c3a-924d-c9f2b15103ff,pittsburgh,50,1,0,10.6030301873421,11.308651593317826,58.32676413543741,0,54.26,71.15243766784668,advisory,0.9574,0.9039344787597656,0.0
04bfeb19-ffc1-41ce-bc75-1b300264661b,dearborn,12,0,0,12.988256389224107,15.401833329528051,inf,0,54.13,74.58423611263434,silent,0.9587,0.7953196167945862,0.0
04c5c41c-a64c-4a07-a8f3-7139cfcf510c,pittsburgh,34,0,0,6.788455503818775,10.429460967229804,inf,0,54.13,72.57324346582095,advisory,0.9587,0.8582483530044556,0.0
04c97cb8-7e55-4a33-ab3a-b05597d94405,miami,51,11,0,6.964534062336093,10.305111498326921,28.365717521535128,0,53.45,72.7402274141709,advisory,0.9655,0.8470152020454407,0.0
04d21248-5ed5-49f3-bec3-fbf1c830e327,washington-dc,43,2,0,1.1548951718012341,4.714684524368847,10.388713502201076,0,54.41,82.623503510952,silent,0.9559,0.5453445911407471,0.0
04d2f54b-f914-4a55-afb3-6d030c9daffc,dearborn,31,7,0,0.2535617983132061,2.0554603866132717,42.23976678069692,0,53.45,80.0860721886158,silent,0.9655,0.6187652349472046,0.0
04de68ee-b28b-4cff-bd79-4809acea144a,miami,48,69,0,0.0002227948611143725,0.0007254670130565868,19.29744956531444,0,53.45,78.72988931536675,silent,0.9655,0.6609045267105103,0.0
04e1749e-5d62-4a4d-ba66-f2a77a24c613,pittsburgh,74,3,0,10.995494001645296,11.42188565650026,38.700691240558015,0,52.68,72.68575178146362,advisory,0.9732000000000001,0.8419928550720215,0.0
04e4a6ff-6e53-4f00-aebc-aedb7cf467ac,pittsburgh,36,3,0,6.203160991872803,10.196927810300311,4.778706397259757,0,52.68,53.41049955094195,intervention,0.9732000000000001,0.94765704870224,0.24425872054804856
04e4ff3d-71f8-4fbf-b5ac-85520278970a,miami,26,8,0,2.0981488628936424,8.339829344340071,3.9820331808856264,0,53.45,42.773224149713265,intervention,0.9655,0.9709627032279968,0.4035933638228747
04e7e3ac-16b0-4e27-80ce-0f43dd5cefe2,dearborn,18,0,0,15.125315313973674,15.48880696179262,inf,0,54.13,69.52558776577314,advisory,0.9587,0.953616738319397,0.0
04e8e751-f9c7-4058-80d5-e1f050485b1e,palo-alto,30,0,0,1.2151001895439644,5.816164599990353,53.87245829919739,0,54.13,69.73852343539397,advisory,0.9587,0.9469534754753113,0.0
04e9c1ca-7560-476e-9d1c-8f5255a06a8b,washington-dc,54,0,0,8.377255838471209,8.840161188879415,19.606902995888053,0,54.13,71.37426008363565,advisory,0.9587,0.8957673907279968,0.0
04ef09c0-54bc-4d64-aff5-f2ef142b67f1,miami,56,3,0,11.496118269045624,12.558015357722148,61.300805662399824,0,52.68,73.29473499298096,advisory,0.9732000000000001,0.8232202529907227,0.0
04f0a78b-fe7d-425f-9ccd-a476900d201f,pittsburgh,25,1,0,2.7238499317933123,7.187542050426397,109.47436947349001,0,54.26,75.9330018222332,advisory,0.9574,0.7541361451148987,0.0
04f37236-9236-4b40-ae3f-79b5ec2ee6a2,washington-dc,72,5,0,9.406896204231037,10.441304476592098,63.37811496757615,0,53.9,69.84805326859156,advisory,0.9610000000000001,0.9412678480148315,0.0
04f5057b-695b-4c61-a721-b42c7d44d23b,austin,71,5,0,5.22988550885568,9.931716866435305,44.156688855375336,0,53.9,69.57972290118535,advisory,0.9610000000000001,0.9496444463729858,0.0
04f5e07c-edfc-4d3f-a4f3-68d7bb571f85,washington-dc,69,0,0,8.447115023768959,8.859252572704014,inf,0,54.13,70.4957535413901,advisory,0.9587,0.9232579469680786,0.0
04fabaa0-0235-453e-b8e7-be677cf4997b,pittsburgh,34,5,0,2.06621350392984,7.696978367251022,53.93045182964348,0,53.9,74.7285762687524,advisory,0.9610000000000001,0.7889102101325989,0.0
04fdd3d3-3df9-4c9a-a3d2-7c5008c8430f,washington-dc,46,0,0,8.320955742592236,8.779070133698575,inf,0,54.13,72.02809950391452,advisory,0.9587,0.8753072023391724,0.0
050085ee-771c-418c-8530-7dd36704ae1c,miami,39,2,0,0.7463995099119216,4.820978070909074,4.145696669325546,0,54.41,55.132467065945356,intervention,0.9559,0.6664029359817505,0.37086066613489077
05013c02-9ed7-4b78-b703-ad56c51de61a,washington-dc,51,6,0,7.718614382635489,12.838615798912913,21.630212789850148,0,53.45,68.1981926103433,advisory,0.9655,0.9881452322006226,0.0
050319e5-06a6-486e-8129-dcb9f79859be,miami,13,0,0,9.900614609846246,11.215024646566832,inf,0,54.13,69.66904900888602,advisory,0.9587,0.9491274952888489,0.0
05033799-7b85-468d-a4a0-24b087648130,pittsburgh,47,3,0,4.990089404200603,7.380001694872363,4.908633905359236,0,52.68,65.74318270662907,advisory,0.9732000000000001,0.826818585395813,0.11459343993728038
05038ece-1935-49e5-8a02-0e10dffd4931,austin,45,1,0,8.112163956701156,10.5741121777481,16.99676081011934,0,54.26,69.55944699207942,advisory,0.9574,0.9538506269454956,0.0
050647f1-7c6b-4cba-8285-f6d0ba54abc4,pittsburgh,13,2,0,2.3551141976134353,8.407403673632134,9.909704376291483,0,54.41,78.19346135934194,silent,0.9559,0.6843771934509277,0.0
050867a9-8342-4833-8c30-a48d833512ba,pittsburgh,42,0,0,4.6554037128119425,6.743507714014518,inf,0,54.13,70.54366982897122,advisory,0.9587,0.9217585325241089,0.0
050c02cf-de95-4075-b14f-ce794a0f2aa2,miami,69,2,0,6.5389655417241555,7.3691705379064345,2.786155347403282,0,54.41,32.72100634182705,emergency,0.9559,0.8580869436264038,0.62669970725636
050c5cf4-1ac8-4bcc-b0e4-10f33041a287,miami,60,1,0,4.953919941060475,6.074850511597525,55.67660130972961,0,54.26,68.39805971344312,advisory,0.9574,0.9902425408363342,0.0
0517f53f-def0-487e-a8f0-9a35a3bc72b5,austin,56,11,1,1.6691262441761092,5.7073671477444385,11.151511572375348,0,52.98,69.96057093739509,advisory,0.9702,0.928862988948822,0.0
051ce6d7-91d4-4812-a4c2-7b27a8558df3,pittsburgh,22,4,0,4.7428098604359894e-05,0.00014917195575660548,44.485563354473825,0,53.9,80.29565429290135,silent,0.9610000000000001,0.6151200532913208,0.0
051d5cad-a738-4656-9b54-8bd87d312a0b,miami,20,0,0,0.00016042685977248484,0.00048171448526706693,inf,0,54.13,72.39622405946255,advisory,0.9587,0.8637877106666565,0.0
05214d2e-78f8-4415-8e1b-12d12aa9cff8,austin,74,16,0,2.96508038892267,6.508405610941227,2.9489253060796314,0,53.45,30.57546895297315,emergency,0.9655,0.9367280006408691,0.6102149387840737
05232a32-b689-4d23-b31a-f29e41183cbb,miami,29,1,1,3.0547435863114183,7.6167308775033,31.9225557526957,0,53.79,76.69055789589882,advisory,0.9621,0.7268301248550415,0.0
0526691b-3d9e-4a75-a8fc-88fc5acdb794,dearborn,13,2,0,8.720928465856593,14.704144691081751,23.01717170614876,0,54.41,70.38719903389612,advisory,0.9559,0.9293692111968994,0.0
052ceffc-02b5-43a4-a1c0-c0acc9205a7a,washington-dc,67,6,0,5.925605393339668,7.854934340067096,66.37412727345519,0,53.45,69.28985863029958,advisory,0.9655,0.9542250037193298,0.0
052d58dc-0e06-4067-a8c4-51591de3c943,austin,27,0,0,9.238721141551785,12.4413750965248,inf,0,54.13,72.1728997973601,advisory,0.9587,0.8707760572433472,0.0
052f75e7-667f-41e1-8a5a-7bb61e7fda7d,austin,35,19,2,3.6345888694839634,5.355668449305192,2.8723303693597226,0,53.15,32.4593582396853,emergency,0.9685,0.966159999370575,0.56298053351525
0531a0b8-6660-4796-a7df-0faaa45106fa,dearborn,18,2,0,15.279280054220877,15.862611203433012,25.421174183281163,0,54.41,72.34480218052863,advisory,0.9559,0.8679317235946655,0.0
05340841-b54a-4f51-8f5c-cbfe98fca3cb,austin,72,8,0,9.398905991083582,10.367478857501961,15.464131596506583,0,53.45,70.72022891541322,advisory,0.9655,0.9097805619239807,0.0
0537fb18-f22f-490c-aa9f-05bd219a7379,washington-dc,29,2,0,7.148709507659271,10.938763344211173,23.32513683684597,0,54.41,69.1122414946556,advisory,0.9559,0.9693825244903564,0.0
053b09d0-1322-4d1e-acc2-852f5146bbb3,dearborn,11,0,1,0.00014977409087946086,0.00035933547963606303,69.27739418100357,0,53.66,69.61736872037253,advisory,0.9634,0.9461064338684082,0.0
053b1526-516f-401b-b21a-8b25ab8627b3,pittsburgh,66,81,4,8.872125577713838,9.610271846924908,3.4173332321261847,0,54.13,42.13138898745702,intervention,0.9587,0.9585662484169006,0.4261400166991796
053c3bcc-4786-4058-b1e3-465be3de0ab7,miami,41,46,1,3.4769059540990788,5.206195902978805,4.933904809786796,0,52.98,59.12567753542144,advisory,0.9702,0.8374556303024292,0.2132190380426408
0540abc4-2a79-45e4-ad5a-9c37528bd650,pittsburgh,66,2,2,4.90016758228885,7.1472334608277714,5.11145729011682,0,53.68,63.05667119111118,advisory,0.9632000000000001,0.9640495777130127,0.093296984537734
0542ac7f-bab1-4627-b488-36ab08fe73c3,miami,40,6,0,4.8813312474638275,9.219091350918731,59.34982201446311,0,53.45,68.88643556435903,advisory,0.9655,0.9667601585388184,0.0
0543fa2d-e8d3-408f-898a-98237353ebc5,miami,14,0,0,6.593318793798519,9.532309349110879,inf,0,54.13,75.12004862705867,silent,0.9587,0.778552770614624,0.0
05449af9-36ac-4a8e-9722-80a5b15aa6f7,austin,30,0,1,2.2785730104137643,5.711811997509743,80.75271102904011,0,53.66,75.92778047124544,advisory,0.9634,0.7496020197868347,0.0
054a41cd-46ae-48e8-bb3f-3ac2eb951d66,miami,9,0,0,3.096280334132725,8.271801804619527,inf,0,54.13,78.93879731833935,silent,0.9587,0.6590550541877747,0.0
054a75aa-f6cb-4d09-99c0-ee6c350f9a25,miami,49,2,0,4.980872176231381,8.199527380225387,35.02371577433523,0,54.41,80.8018357950449,silent,0.9559,0.6025158762931824,0.0
054bf510-134b-4640-8a3a-856762ab8eeb,austin,19,0,0,10.720559771827789,15.156981525934514,inf,0,54.13,70.3696561429898,advisory,0.9587,0.9272038340568542,0.0
054e4640-acdf-4a45-ba3c-16c0d5cbaa1f,miami,23,1,0,0.001185758014685055,0.09369069383234457,12.363653407770792,0,54.26,73.14027205626171,advisory,0.9574,0.8416459560394287,0.0
0553b9d1-e849-40e2-804a-af3dbe5e1d22,washington-dc,49,0,0,4.108039951189105e-05,0.00019588755152361817,inf,0,54.13,73.20370569586754,silent,0.9587,0.8385196924209595,0.0
055502f2-a874-416e-b1f1-a7c2d8cb86a0,dearborn,21,0,0,0.5443759296235724,4.039134001203946,inf,0,54.13,75.72173556069532,silent,0.9587,0.7597245573997498,0.0
05569dbf-547c-4d33-bc15-3e3f56dcaf60,dearborn,29,12,0,9.671366339563775,11.497416186164793,4.940359864180674,0,53.45,56.468362535080296,intervention,0.9655,0.9287582635879517,0.21192802716386527
055711bd-7a01-465b-8a22-1de3687f9f12,washington-dc,44,1,0,8.246648288597077,8.88464678658969,52.91087216527487,0,54.26,75.80017429272334,advisory,0.9574,0.7582982778549194,0.0
055a053f-766f-4c0d-8c0c-d8a781d6cd4b,washington-dc,74,3,0,0.054926640859440115,1.008638489904336,5.088979380880332,0,52.68,62.033723066550465,advisory,0.9732000000000001,0.9334884285926819,0.11843268048555695
055e1805-296e-40cf-aa1a-87337b119e55,miami,81,7,1,10.295842873587693,11.81793631149082,13.94169356716926,0,52.98,69.27698110938071,advisory,0.9702,0.9500005841255188,0.0
055ec09f-356f-47c9-afe6-295a38a47ff5,miami,51,9,1,1.2349927009375754,2.2886659666917817,9.09230370567963,0,52.98,71.1835264980793,advisory,0.9702,0.8910474181175232,0.0
055ff4aa-1fef-460d-9467-952c8899ab33,palo-alto,80,1,1,0.03027543983875223,0.5249070476379323,36.4647946344444,0,53.79,69.71131770789624,advisory,0.9621,0.9444553256034851,0.0
056327df-9012-4124-87b2-9c3fd36987cc,miami,31,2,1,11.740617748862896,12.971631475751387,3.3178117255815653,0,53.51,38.483261386212085,emergency,0.9649000000000001,0.8934041261672974,0.5096157721395026
0563b463-5ecc-448f-968a-c5f4c7be4a4f,dearborn,69,1,0,10.154802158861536,11.238654259516563,13.595734782562477,0,54.26,69.12851506551107,advisory,0.9574,0.9673538208007812,0.0
0563dead-5e96-4d59-852a-4a9efaa76123,dearborn,17,8,0,6.441682582501524,8.356696775053102,5.566247895516597,0,53.45,66.13865462455793,advisory,0.9655,0.895988404750824,0.07807537880701262
05649cd9-316a-4f0c-a7c9-c2bbb0873cc3,washington-dc,78,4,0,11.528854828736886,13.310104320948476,4.625227859406541,0,53.9,59.371097505745006,advisory,0.9610000000000001,0.9796298742294312,0.14435107476231332
0564de5b-5103-4ff9-b030-4324ecf3d372,washington-dc,30,3,0,1.521826700908795,5.010379325725393,29.133963342868583,0,52.68,73.67589476823807,advisory,0.9732000000000001,0.8114705681800842,0.0
056c987c-b3e4-4efb-84cc-12e0fb5c6b8d,dearborn,36,1,0,0.12736361765603615,2.0644429709949494,51.542390819411644,0,54.26,71.79979425787926,advisory,0.9574,0.8836496472358704,0.0
0572aa8a-b9b4-4e50-b6e8-875a6f7c03d0,miami,23,0,0,7.82843441633307,8.662154899914682,inf,0,54.13,70.16308429578939,advisory,0.9587,0.9336679577827454,0.0
0574580f-6dbc-48c2-9bd6-a5b5559e70a3,austin,38,0,0,4.536508188064421e-05,0.0001730189677085249,inf,0,54.13,75.53925519088904,silent,0.9587,0.7654348015785217,0.0
05791ba5-0393-483e-a945-150c2e7aa1ed,miami,44,5,1,6.365683070314202,8.08363529410222,50.397105293743515,0,53.43,70.04759542703628,advisory,0.9657,0.930487871170044,0.0
0579b963-1e7b-42f8-b8bd-e2377ad20028,dearborn,33,0,0,4.876569985648014,10.998614447073152,inf,0,54.13,70.535732670029,advisory,0.9587,0.9220069050788879,0.0
057adf67-91c2-43de-a2fd-6279244018fc,austin,30,2,0,4.497275971630032,10.419546960202087,9.9177778073131,0,54.41,76.706222341458,advisory,0.9559,0.7310527563095093,0.0
057ef557-55c0-44b0-9897-800e84c4edd6,pittsburgh,28,11,0,2.437200323153378,6.041444958304603,3.58721589565433,0,53.45,41.33772449479608,intervention,0.9655,0.9300231337547302,0.446365059303949
05800648-93a6-406a-b1ca-7581b9b13b34,austin,67,8,1,2.5976398820141116,9.000226658832084,16.041465434678166,0,52.98,71.02661870121956,advisory,0.9702,0.89589923620224,0.0
05867415-6588-4a6a-8ed1-4329e8908059,miami,23,1,0,10.55563070084626,12.335162785011153,81.98363909122969,0,54.26,70.25345651984213,advisory,0.9574,0.9321039319038391,0.0
0586fc9e-edd4-438d-9695-57fa7807701b,miami,56,10,0,0.0001020962656801712,0.00020559578483916006,44.03853677154046,0,53.45,72.85900131861369,advisory,0.9655,0.8433246612548828,0.0
0587f00a-570e-4031-92ac-64a8d145212e,dearborn,43,0,0,12.72798230168081,15.541184547725134,inf,0,54.13,69.87763038396835,advisory,0.9587,0.9426004886627197,0.0
058ccb3f-762b-48ed-9173-44e1908be94a,miami,35,0,1,0.0001594500121528693,0.0002831609378149653,29.589708048337698,0,53.66,71.76350404024123,advisory,0.9634,0.8792763948440552,0.0
058e1923-47d3-4ce6-ab81-1fa24912971e,dearborn,17,0,0,5.226784017343666e-05,0.00011621286805546611,inf,0,54.13,73.99516253789267,silent,0.9587,0.8137531280517578,0.0
058e3179-8177-4393-a652-ca91d3f159f8,palo-alto,23,1,1,0.00020943756379921983,0.0005062015036867383,52.20775030372342,0,53.79,75.97703299880027,advisory,0.9621,0.7490791082382202,0.0
058ff7f5-7ccb-4ca6-b406-e2e6a3e14ad0,palo-alto,27,1,0,6.168464653419544,9.607437657030445,43.32609716037221,0,54.26,70.12577629725139,advisory,0.9574,0.9361047744750977,0.0
