scenario_id,final_safety_score,dataset
scene-0061,35.77598457810169,nuScenes
scene-0103,70.1852138644457,nuScenes
scene-0553,71.97353412389755,nuScenes
scene-0655,71.79532486597697,nuScenes
scene-0757,85.55394631733498,nuScenes
scene-0796,62.00365711253515,nuScenes
scene-0916,65.95307246032583,nuScenes
scene-1077,55.55072211623191,nuScenes
scene-1094,23.325532656594596,nuScenes
scene-1100,55.80709283623724,nuScenes
00010486-9a07-48ae-b493-cf4545855937,33.13053171704355,Argoverse2
00062a32-8d6d-4449-9948-6fedac67bfcd,70.16021504898866,Argoverse2
0006ca28-fcbb-4ae2-9d9e-951fa3b41c1c,71.6739749767383,Argoverse2
0007df76-c9a2-47aa-83bf-3b2b414109c9,72.24811466534933,Argoverse2
0015197d-b916-43b6-bcaa-8a7d90d7b87d,55.4558953662742,Argoverse2
00170a57-eb8a-4947-8b7d-7b12af7af2db,74.11045652866363,Argoverse2
001749f1-bc1c-47fb-a13f-9ab1f2c050a8,72.09638679822285,Argoverse2
00190202-a988-4f35-96b5-876869b4e0a3,68.91709292173385,Argoverse2
00195499-be19-4cfb-867a-f6a78c43f51c,70.91577534496784,Argoverse2
001ce108-22b2-4e40-bcf3-40d22732a8c3,72.26635787447293,Argoverse2
001d7c9e-4f80-4d1d-9ad9-5b6432c4fb36,77.89072214861712,Argoverse2
001e7a56-f046-4f05-bd8f-ddf320079eae,73.29514250258605,Argoverse2
001f9701-34f9-4811-bcbb-8cf1a412fb0e,70.28991972525914,Argoverse2
00226ff5-0ee6-43b7-8568-ffd0f357db91,69.34670484304428,Argoverse2
00230ccd-4922-4f8c-b67f-ba70d0db22d3,73.2637680697441,Argoverse2
0028b424-9a0a-4b3e-a59e-0fc183c02095,72.68352560559909,Argoverse2
002ba35d-be70-4ce4-b15a-01a28e0ae801,47.82982775978684,Argoverse2
003363ad-fa78-45f9-a8d7-716f4ea6d586,36.14131960254623,Argoverse2
00351569-255c-433e-b97b-e2a844d1b6e0,24.85063277898626,Argoverse2
0036b8de-9be1-4861-adcf-34671484a3c3,26.839175563898777,Argoverse2
003a8853-461a-4fa4-9a04-be07aae9b70c,71.8855319873492,Argoverse2
00404e6d-ff66-460e-8f22-bc61fc9f7f9d,25.256736702822703,Argoverse2
004153a3-9385-4f91-b702-76d58a222bdb,73.1684463044884,Argoverse2
00422cc5-b120-49db-982f-fc0c1e1eaf8d,70.88848831892014,Argoverse2
00430751-d928-472b-9944-ea55b2fb8d89,69.76349300980567,Argoverse2
0044b5c0-f492-43b3-ae9c-daa8ff1c9584,64.48244636545209,Argoverse2
00450480-0bcd-46b9-a48b-5337d8c9d0a3,63.34574910801778,Argoverse2
0046bad9-f29c-4365-bfba-a087a1075667,70.70719755808513,Argoverse2
0051a8c9-e50e-4cde-b003-1a103de0fdb1,72.62335385402044,Argoverse2
00546066-20ea-4012-854a-fcdb47973b92,73.7720187973976,Argoverse2
0058ed53-93bf-42a7-9bba-6df3f6ce20f5,69.76237374941508,Argoverse2
005b26cb-7ddc-4e9e-b2d1-55c49f1c6e85,45.374483638061655,Argoverse2
005f3e26-75cb-43a5-b61a-89343d490fdf,69.87823804616929,Argoverse2
00629110-b592-4d2a-8524-b5f2e9661048,70.71795791228612,Argoverse2
0066f16d-cee1-44db-aa9d-aca38e9761f4,73.80701832771301,Argoverse2
0067cf62-4775-425e-8edc-28fd8622b920,77.57163918097814,Argoverse2
0072a11c-c3f5-4d44-b4e1-04117bc4100b,71.40393485546112,Argoverse2
007408b9-948f-42c9-aed4-a03339f3aa4f,70.15660117109617,Argoverse2
007471ae-7006-49ec-903d-a9465c4fa379,37.55166172333288,Argoverse2
007e6152-fb08-4a1b-be8c-d60e4d8635ce,68.137180570364,Argoverse2
008415aa-6a7d-4c51-9b82-f29bc76f7f28,70.29821391701698,Argoverse2
0085e780-a3b2-4432-a64f-56e7b3394432,62.06980840971448,Argoverse2
00868013-e5b7-4b75-b30c-045bb4244627,80.97854240437348,Argoverse2
008e9697-bbd5-46fa-a2df-bcda736bab18,70.86839810609817,Argoverse2
008eacb9-eef8-4781-96e4-7446926a2fea,75.02536862691244,Argoverse2
0091bad9-e7b2-4c07-aa12-6b5fd03c63d2,80.83018701831499,Argoverse2
0092658a-5705-4a48-9de0-195b430c03f8,68.73181663334368,Argoverse2
00976f6f-59fa-4fad-ba0b-828cce074d97,68.95349094231923,Argoverse2
009ba352-ea89-45cb-83e8-c8e65148d87e,71.87069156587124,Argoverse2
009cf3d3-fd2c-4361-b926-eca40c138446,42.88464321365944,Argoverse2
00a0ec58-1fb9-4a2b-bfd7-f4e5da7a9eff,68.21281155966695,Argoverse2
00a28ba6-9343-42b7-9458-5aebdf1a7360,53.369802074851016,Argoverse2
00a50e9f-63a1-4678-a4fe-c6109721ecba,72.85701713919639,Argoverse2
00a5d0a7-3be4-4008-a77b-4eebe77b1480,65.14489253900595,Argoverse2
00a8fc17-d464-47c6-95f9-4e99a9a6fe86,77.19449988365173,Argoverse2
00a9541f-a00c-45c6-9071-dec34f5f818b,74.63643187979856,Argoverse2
00aa433e-6dcf-4919-b660-309d6bd75447,75.72060358285904,Argoverse2
00abf9e5-4bc0-4b90-a3da-9d858df18f7d,70.93152204354605,Argoverse2
00b2262d-bb33-4756-963e-4a5c87d8bd5d,34.7263021916844,Argoverse2
00b265e1-3c7e-44fc-b725-29d4f2cde0bd,69.65651879270871,Argoverse2
00b37268-eeb0-4a5b-8241-e33a530fe267,72.06107049187025,Argoverse2
00b3a6f5-32ce-4d91-b320-10284ab921be,72.56379392286142,Argoverse2
00b87c67-701e-40e4-a1b7-002717d0a4e5,39.99047350630146,Argoverse2
00bb46d3-2f4e-4c7b-95bd-51a65ff9670e,72.70642278333506,Argoverse2
00bb5f2e-c964-4fcd-9c6a-4353a7baed6e,70.14660235762595,Argoverse2
00bd1af3-e5a4-4042-b0dd-627f6cc66ee8,71.032809283336,Argoverse2
00c1667c-0e02-44b2-8e5e-29dc81dfd323,76.88731125613053,Argoverse2
00cf7a09-b98d-4c87-921a-830066a07100,70.23647411823274,Argoverse2
00d95e80-1f97-48ef-8bf6-651e6c93678f,74.4825496852398,Argoverse2
00d9f613-2637-4665-b640-15ca2219929a,72.14105194012323,Argoverse2
00dd0b81-388f-40fd-a8f5-82d05d566cf5,72.26842439134916,Argoverse2
00ddb469-aea8-443b-a4f9-a5acff486b77,81.2279829098781,Argoverse2
00de80df-9dfe-4ef7-a17f-7855caf9878f,75.81666527688503,Argoverse2
00e14259-7419-4f92-9699-835bc4f62536,69.64880714952946,Argoverse2
00e194d5-57e3-4cd5-ba8d-61f89acea8c1,71.43015353024006,Argoverse2
00e21119-f350-4664-b77e-18823533a1a6,70.8296581542492,Argoverse2
00e2cd17-25bc-42f2-8f33-17ae24d17a5f,77.55864033460617,Argoverse2
00e452e1-1a79-4327-abb2-fbbe0097b1b5,72.02091405729453,Argoverse2
00e988db-319b-45b1-b16d-ccbbeaeb07cc,75.49428640127182,Argoverse2
00ea15e0-d833-4d56-8b67-c640fefc81ee,68.43576431035996,Argoverse2
00eb04c6-a59e-4ff4-9d26-325b629b212b,69.19565261085828,Argoverse2
00eb27a5-f716-4f7f-a877-113550040df3,71.45315167208513,Argoverse2
00ef7d7b-4709-4429-8714-48cfea6b4dde,71.05756353139877,Argoverse2
00f0977f-caf9-4781-b2b6-9747cbb7e7a3,73.92460293451946,Argoverse2
00f1879f-ec21-4a4c-9c7b-84648379249b,56.74670799126225,Argoverse2
00f4189b-4296-4f07-a2b5-787c0db651ff,70.50260498384635,Argoverse2
00f65fe7-7d7c-4feb-9618-2742362cc12f,72.64357493519783,Argoverse2
00faa003-edc2-4184-b159-26155d40fdcb,75.28258977333705,Argoverse2
01069700-248e-4881-843a-d41206389020,71.11029118796189,Argoverse2
01097a43-cccc-4ea1-97f7-c24bd10a8234,74.26380289653936,Argoverse2
0109ca7d-7ec2-4530-bfb1-4c7d1feb892d,61.47896065098368,Argoverse2
010cc179-827b-433c-a14d-c2b27ee9ded7,73.0097594833374,Argoverse2
01154df6-1058-404c-91eb-e78992da5a38,68.86136165777842,Argoverse2
0119275b-35ba-48d9-9cde-cb72f2849423,72.1413693100214,Argoverse2
011d6552-93e1-4766-a2ac-8209ef17f9c9,62.954722858757336,Argoverse2
011edc25-d8b7-4471-a2dc-9d44231f1b62,71.10389482736588,Argoverse2
011f5450-0124-43f2-8374-9322c5f99c50,25.813252983150903,Argoverse2
0123336f-afc6-4704-9ed0-efc5bea121f0,68.33071105857691,Argoverse2
0124a476-262a-4afc-b7b5-3f4d41b413a8,68.79399771173796,Argoverse2
012ae3e3-aa0b-45e6-af38-f8ddb5ecec6b,72.34594663043816,Argoverse2
012d987d-0f4a-47f7-99c3-04278e8e897e,77.78296959459782,Argoverse2
01340461-df3d-4d25-9085-657d1c7839f3,62.31875034050025,Argoverse2
0134aa84-8bf4-4b83-8c84-c3598e69b663,40.717892637472495,Argoverse2
013563bf-4b77-464d-8930-612b2d58816c,51.06919061518671,Argoverse2
0136e98b-3f68-4cb4-9b5c-cbe5799980c9,35.524406324028924,Argoverse2
01398017-cd33-4092-a16c-2b1f78da7546,78.9982865512371,Argoverse2
013b721e-322b-4e5c-91f2-3c455c1196ec,58.58560395631815,Argoverse2
013c7009-91c3-42e8-8ef2-8633d90f7d95,75.81490184128285,Argoverse2
0143050d-d577-494c-929b-0a9811c6e7b5,72.5730569610993,Argoverse2
014586b7-0816-4c04-b92d-981bd5de9984,71.6520364989837,Argoverse2
01465848-057b-4ec6-934d-2f0609f344cc,73.85455463389555,Argoverse2
01485c35-55a9-4ada-bf96-03751f2193b9,60.07383253367071,Argoverse2
014a4282-3688-40b9-a881-02748e279acf,84.01907479484876,Argoverse2
014d18b9-7c8e-44c3-aeb0-bd285b6a0009,72.69373255769412,Argoverse2
014fd1db-07e6-4975-95f8-d295e675f230,72.62990262826283,Argoverse2
015b821a-520a-4a2f-92cd-de0de2f617c4,42.76073302310087,Argoverse2
015e5479-1888-4d13-816c-689d9437599e,23.088798083410587,Argoverse2
015ec6a8-5bb1-43d2-9afc-866b8d3a6ae4,75.29528182148934,Argoverse2
01608445-d0c0-4ab1-ad71-c1f2366af236,68.22489751080671,Argoverse2
01648874-5934-457c-abb1-586a68bc6cf9,70.44535337090491,Argoverse2
016571a9-11d3-43e1-9fbb-eb286220fb81,44.56742649445626,Argoverse2
0168106d-6aac-4b54-adec-fb9996040418,75.12593244850636,Argoverse2
0168f167-e4ad-4850-962b-6f0ec3292f92,77.50077154695988,Argoverse2
0169c8ca-0230-4e03-8c83-7d01cbd77d37,79.53152994811535,Argoverse2
0169cd4a-5b5a-4016-80b9-828cc05e554c,71.71993791500728,Argoverse2
016b7b76-b5d0-4891-8205-3942113b05aa,70.99019287983577,Argoverse2
0171cf17-b4c7-4772-af3a-54f338d52101,78.11631023168563,Argoverse2
01740590-deff-4fa8-928a-e77ad373acf9,54.8406743199218,Argoverse2
0177f3b7-ded5-4542-b4ce-009cda952dc1,70.20805178880691,Argoverse2
0181eaca-74f6-4478-865f-df2d20802041,71.9009281305472,Argoverse2
018230c9-cd2b-474d-9079-20e31b1d6648,75.91951878070832,Argoverse2
0182d40d-e8e4-4149-84db-b4dd76de9cdc,68.50826949357986,Argoverse2
01883b10-f2de-4514-906d-47a65fec45d3,71.24787368873756,Argoverse2
0189a457-7e10-4eee-9532-d5e9273a5ef6,71.58486431996027,Argoverse2
0189cec7-f323-4487-97d9-46cbd40a2af0,58.78805808807775,Argoverse2
018b5689-8c37-4286-aebc-85b51a5d9392,72.12590160687765,Argoverse2
019049a7-4f8b-429a-a925-478d97a4ef8a,72.4211824140946,Argoverse2
019231d2-4fa5-4f1a-bb2d-04c4a08890b3,69.97824908733368,Argoverse2
0193b2be-f638-4af5-aa57-5364461286de,68.54278214176497,Argoverse2
019535d0-6810-4cf7-8327-d5f59607ae58,79.35489595850309,Argoverse2
01968413-2a52-4d0f-aef1-89487e3f7e1e,73.9738401144743,Argoverse2
019f7c63-0331-45e8-957b-65330d52c95d,66.33474154709991,Argoverse2
01a33cc7-93cf-44c3-acaa-9f5dc3ca88f9,71.686163469553,Argoverse2
01aa2ec8-ba08-41e7-9d41-215c38581c7c,71.10365970730781,Argoverse2
01aaa27b-6781-4299-ac1d-11ab7d40b1c9,76.6351336767276,Argoverse2
01ad19fa-e2b3-49f4-bfbd-2b346fd1d091,73.78133051872253,Argoverse2
01c0d443-8170-4cc9-8001-e4d41034a173,72.7088468571504,Argoverse2
01c4ac10-5f99-460f-bc86-fd64d704ddf8,70.10684196869532,Argoverse2
01c53999-fca1-4c5c-b790-56d05a62d45d,73.55074512660504,Argoverse2
01ca1736-ec51-41aa-8c73-3338c574a83a,77.91305809676648,Argoverse2
01cde1f9-df92-4761-aa64-3fed3d1e93c2,68.14877447406451,Argoverse2
01cf2434-2b72-41fd-8fd8-439038f90959,80.49401380340258,Argoverse2
01d10f88-b95b-44ae-a33f-3f819f372553,70.28707692801952,Argoverse2
01d2eaa8-9188-4346-afaa-0a8fc55f76e2,68.32541248727833,Argoverse2
01d3dcb9-50dc-4084-8ef5-b30e11b089cd,75.15005518769905,Argoverse2
01d69373-46c8-46bf-a500-aa7833faf886,75.59279434700808,Argoverse2
01d7deae-31e9-4657-843f-c30009b09f1c,76.76283523837726,Argoverse2
01dc8c71-9e9b-483b-91a5-e71d093659ee,75.33332715451718,Argoverse2
01ea7833-0216-4af2-a81a-ac6355391f73,72.36225603620213,Argoverse2
01ed6986-529a-4252-b25e-8052fbc8233f,35.79204347133361,Argoverse2
01f85d76-2704-4640-b28b-570594232599,56.528693764901085,Argoverse2
01f8e244-8202-4e51-9769-9f7bce6487f8,75.97325201034546,Argoverse2
01fca836-8c06-47cb-9369-70104ecb3afe,72.20437334259351,Argoverse2
020128fb-4f88-4901-b942-2b815fbf0738,72.7002275198698,Argoverse2
02017859-da93-41ba-aa76-2288cb63f92f,38.99793357654343,Argoverse2
0203f947-02e1-48c0-8d2d-eb26e39317bd,69.50769820570946,Argoverse2
0208f4d8-f35d-4d8f-9a94-b774de8c3fa0,70.3824741969506,Argoverse2
020cd834-379f-418e-891e-e6e766b26c14,71.92723544836043,Argoverse2
020eb6fa-c82e-40cc-bd37-ae6992391142,77.67625571211178,Argoverse2
021024aa-34d7-4591-96b7-396004378588,71.0022269487381,Argoverse2
02140af8-c64b-4f82-87a7-b32c7ec3633e,73.99249396105607,Argoverse2
0215552f-6951-47e5-8cf6-3d1351d28957,69.55787956953048,Argoverse2
0215f173-8164-4cef-b51c-fea24c98cba9,72.17891679306825,Argoverse2
021bb967-2faf-4528-a334-9b249d4b36ee,65.99159208205873,Argoverse2
021d8f3c-0f97-40e9-90f1-96f22706f5b6,69.92432079414527,Argoverse2
0228c7db-252d-49ce-8caf-fb6a131261b0,72.1362070542574,Argoverse2
022accfa-a406-419b-bdad-b2867370b477,73.38619512915612,Argoverse2
022c5148-8d15-4429-b649-6e7dc3354dc8,70.14434823751449,Argoverse2
022caabc-26fb-4ef7-8495-63ac3894b018,68.5319534778595,Argoverse2
022d8a5b-10e5-436f-85e5-aa3240c778e5,71.29971227645873,Argoverse2
022dc6e2-adc2-4991-988a-d85957d41262,69.29978000481924,Argoverse2
02310b3c-10fc-4848-a883-d9578d0e175e,70.40325912952423,Argoverse2
023247e3-b62d-4d81-8453-5d24354e3c9f,70.46604063411553,Argoverse2
0236e0f6-fa31-45ec-82b2-c1abcdc486fc,28.732404923414457,Argoverse2
02382383-9a0f-4654-8a6f-468d285ae847,69.51612679421902,Argoverse2
0238aa4b-940b-4bed-b4b2-785d19213cd4,65.77920493390863,Argoverse2
023a6721-dd09-4edb-9d0d-9bbd2ffde5ce,73.4644989824295,Argoverse2
023c4757-bfc8-4569-b32e-11dd0c9f53e1,75.83306303501129,Argoverse2
023f9e9c-75f1-494d-9b69-3ca2cd17a8d6,79.65069845676422,Argoverse2
024057e0-ceb2-4469-a7ee-ebb8c2571290,72.72968611001968,Argoverse2
024338e0-da9b-42a3-a67c-9e2b80e3e466,43.30470992493207,Argoverse2
02461a3b-b783-458c-93b1-5726183b6869,70.53542410929998,Argoverse2
02464d4a-8287-46b2-88e8-4ca9a7f8db86,48.540000845839856,Argoverse2
02491617-bad6-4ad0-aead-e8cabc6bb48c,74.18522598743439,Argoverse2
024bfe25-e29a-4b12-9edb-5bb727cf27a1,72.1568140943845,Argoverse2
02509248-5f65-4af6-bc9a-a88369bf32c2,69.49263722280661,Argoverse2
0253511d-47fd-446f-bacd-1f81047c24b9,69.99120916525523,Argoverse2
02538229-02ca-487c-842a-20a60c8767b5,72.37118516408701,Argoverse2
02547d9c-2dd4-4b6f-8678-10ce8b82f320,74.78448183874289,Argoverse2
025487a2-79fe-4db5-99cc-3bb248999f79,71.95209425985813,Argoverse2
0255d5d9-15ee-477f-8a5d-e021a5462305,71.3002126967907,Argoverse2
02590051-6153-4257-b586-9545f58d20f2,70.15482241153717,Argoverse2
025a13f9-b08a-429a-9059-7e9eb1e06c45,74.05860411087673,Argoverse2
025dc8d5-bc7f-49b0-9a7e-ffe18b3e1125,81.39850399414699,Argoverse2
025fd3a0-aee2-4739-b16a-4f7810831f1f,70.5041658480962,Argoverse2
0260d253-e5c1-4fb7-a7d8-95d6c4980f06,71.92457831303278,Argoverse2
0264af5e-1e0e-4886-8b6c-526c2eab3b14,73.03362481792767,Argoverse2
0266f999-928b-441a-8c82-3a67038f646f,70.28432302395503,Argoverse2
0269b56d-c68f-4a49-bed0-360757923c69,75.91819310168425,Argoverse2
027b81a3-f7ae-41dc-aa94-229b40dd98b1,49.05743208601766,Argoverse2
027ce064-d67b-4ef6-b246-a0971274e132,65.73066588861991,Argoverse2
027e4177-b97d-4f7c-a0f6-591ca68330f9,69.19368884563445,Argoverse2
027ef393-57cd-48e8-a2bb-39e78b9c6fb4,71.03784987807273,Argoverse2
027f22a3-4bd9-42ae-a165-a9d6b4e2ef78,71.31197106937567,Argoverse2
02807b27-d648-4887-a79e-6f7b775eb34c,71.04768277565638,Argoverse2
0280d95b-37bb-4af9-9b35-64e9e3a09897,69.49248484154542,Argoverse2
0284deea-c47e-47c6-b949-13efe955b070,75.52760564347109,Argoverse2
028a6168-6c93-44a3-8be7-874a717f3770,72.62827575147153,Argoverse2
028ccc06-4cae-4395-ab18-f037e07e9c42,69.73651004930336,Argoverse2
029012ee-19d6-4d7d-b45e-09cdd77d0e92,48.71051146963313,Argoverse2
02994e7a-1be1-4e43-9f16-02f8aaca86b4,71.73526840964954,Argoverse2
0299fdda-3967-47f6-9cfa-0a57869df3ff,70.95441852609316,Argoverse2
029e1006-cff6-47cb-81de-d1c18deee079,69.51672679543495,Argoverse2
029e621e-c82d-4a2f-8498-1ebbd94c6a35,69.84817436536153,Argoverse2
02a69394-a6db-4322-ac2d-b38119e94c15,70.03190642105066,Argoverse2
02aa936c-8c1a-4be9-97f2-76455b9351a7,48.3884114859219,Argoverse2
02ad9a10-525b-4c1b-bc2e-1c0762af13a8,42.19425147416236,Argoverse2
02ae120e-ebc6-49bf-924a-f7f328a18cf4,76.13810065289339,Argoverse2
02b186e4-b7f3-4c47-a492-3219e3d6e3ba,88.48635666698218,Argoverse2
02b57064-6fe3-41a4-8ad5-24e51abbdac4,76.85301340023676,Argoverse2
02b6146b-376b-43d1-a8bb-6a73088d7260,21.180627349643665,Argoverse2
02b79459-8195-4715-8541-3657915e6245,69.38053794801236,Argoverse2
02b8441d-1c61-4e33-91ff-ed2a5929b395,70.35288087089857,Argoverse2
02baa3c0-37b0-4599-baff-a4101532687d,72.85461355984211,Argoverse2
02bb77b3-e288-4e26-9139-f47f6863fbc2,69.79166985273362,Argoverse2
02bd8f8c-e552-42d4-a23c-8d9d2e153b7b,73.69631734887759,Argoverse2
02c16161-8786-4047-ba2e-a62e0faa419d,72.06370574048584,Argoverse2
02c22132-7ab8-4b93-9925-cc5bc1759061,75.67624594469865,Argoverse2
02c4c773-a4f1-4f9b-a186-d0d34ff93641,68.72816627224286,Argoverse2
02c86c81-b43b-4c93-9033-4f21da22a24d,76.07283897995949,Argoverse2
02cc4ddf-7f67-4f14-9e66-653810ccdfc2,76.73358273148536,Argoverse2
02d3faab-eb6c-4f42-a922-857e314c1507,70.9656902974844,Argoverse2
02de1808-f374-41ce-84cb-a311dd8ac17c,68.19282887438933,Argoverse2
02df3560-c7df-4c72-9aba-45babf8aef8e,68.61368134856224,Argoverse2
02e4437b-309e-452f-90c8-bb8bc7cd0bee,71.28501034498214,Argoverse2
02e8bdb8-c5a0-4f88-b404-f0e305fca367,71.00894290407498,Argoverse2
02ea59b1-3aac-46cf-b3f7-0358aa842499,71.52459605515004,Argoverse2
02eb864b-0f8d-4e20-8f61-87425c8302c6,23.365576831926493,Argoverse2
02eb9cea-68ef-44a4-9951-e0301ffcaace,72.23463284770648,Argoverse2
02ecb39d-b566-4a45-b641-694b6dc452c3,74.21786466777324,Argoverse2
02ed805c-5223-4a48-a9d1-3768bc72aa7c,76.69035085697968,Argoverse2
02eef7c9-620e-4823-b97a-082397bc8078,62.63727734841675,Argoverse2
02f2d954-5514-4c12-a608-8d5a0aebbe61,70.1345689946413,Argoverse2
02f59b36-3288-4c79-ac01-b5afd35eb53e,69.93569526354472,Argoverse2
02f9c042-d28b-4104-88a6-889715346890,72.3939201617241,Argoverse2
02fa3af3-1e85-4037-abd1-cd30bfb0b86f,69.05619367480278,Argoverse2
02fa5a73-aac4-4c52-ba41-a7f5804d93ab,53.87412010801742,Argoverse2
02fb0b7d-7396-4cfd-afd9-5ad6a8302e51,61.94446618857068,Argoverse2
02fc0395-856b-4131-a6eb-2a5d211d41c9,70.97308315023811,Argoverse2
02fdf762-5621-417e-b488-a43a4be7fb06,69.26734724243482,Argoverse2
0300c983-cc75-403d-a471-649bd76d34f2,74.92428385794163,Argoverse2
03046c11-3a07-4553-8213-b9bb37171336,39.5558466057623,Argoverse2
03068be2-baec-4927-81f9-5ab2f87bd890,75.4358244740963,Argoverse2
0306f815-82cf-4ea7-948a-b4c0c7aadd2b,71.99715161323547,Argoverse2
0307fa81-9363-4b36-83d5-9eb7f1d5e188,74.86996064980825,Argoverse2
030a3893-bd32-4855-936f-992c77fd4aab,73.16394200523695,Argoverse2
030c97d9-a9f6-4f3a-851c-b3491a09d4eb,68.64799849609534,Argoverse2
030fdfe8-8404-45b0-ada4-117e24498069,69.81580492019653,Argoverse2
0319dd70-604b-4681-a139-a63b5777df2f,68.98565542340278,Argoverse2
031d46d5-aff7-4789-b998-a35511f89389,71.28922332348822,Argoverse2
031d5bf6-1d44-4fbc-918c-61eb9203a170,73.9212537487348,Argoverse2
03219b3e-b385-4779-99f5-aa1ca5783f33,68.30616278350354,Argoverse2
0324a545-ba68-4fdc-b4f8-aadf0c57d62f,70.9177413702011,Argoverse2
0325149c-9366-4a2a-a582-81acb67ae829,71.49136312464873,Argoverse2
032618a4-3f4b-456a-b575-17297fcc1ceb,69.17299380819003,Argoverse2
032cfd2b-f5db-4f2b-bc27-d1d89305a666,67.43610830371361,Argoverse2
032d083b-3926-4b24-bff4-cc61bd423960,71.59020349184672,Argoverse2
0332eace-a5e2-426b-ad40-6651f7759d47,82.81312326510746,Argoverse2
033e8dfd-8bd9-4a6d-b016-7238c2dfed7a,78.10678610841433,Argoverse2
033f03e4-b7c5-4bbe-80ce-43bfaa9e40aa,71.97777749717235,Argoverse2
033f0897-01d9-4bac-a48d-beefb0a33b39,70.63515133698782,Argoverse2
033f78a3-b3d6-4924-9205-ab524f062dd6,80.03148572246234,Argoverse2
03418ae6-9c6c-4853-ace9-6b29fffc9930,73.12567877650261,Argoverse2
0343292a-3214-4da9-b05b-eca3f2336d73,71.61802736679714,Argoverse2
03439826-bc62-468c-b0f3-f70cd248e38e,72.07994507451852,Argoverse2
0343f631-e928-4f53-8b7b-d753d8a0f012,52.29762066014034,Argoverse2
03467aa3-7094-4b5c-83fc-d7eac8e3bd4f,64.97336741877709,Argoverse2
034c467f-edb4-43c6-a41c-5489edf90ace,74.48706067760786,Argoverse2
034cbdd6-ed26-448e-867d-6eac40a106e7,75.60079376220703,Argoverse2
034dc4cc-785d-4a0a-aba3-db9d2ed6f80d,43.60593458980821,Argoverse2
03504b48-db27-47c2-859e-5ddb67d13e0b,67.86599713027391,Argoverse2
0361c9c4-2afe-4440-ad10-a45fe1b89045,71.01390552600225,Argoverse2
0362f719-8568-46b3-a855-787a337be0dc,69.96015799045563,Argoverse2
0366a64a-cb8f-4a14-8aea-c42974734ba0,49.38593963472309,Argoverse2
036db4b2-d27a-40d6-b255-35c166ed2967,39.8895725757073,Argoverse2
0373993d-00e7-4113-8657-a8e1b0838ea4,77.524856894811,Argoverse2
037a7f53-8430-447f-8fd7-cb26536c4c78,77.92798955559729,Argoverse2
037ffad2-3957-4598-8041-513514182a5d,78.25025687535604,Argoverse2
03860546-32d9-4d54-9eb7-2ccdee3dfbe1,75.40709620237351,Argoverse2
0388916e-09e1-4749-b896-0c81cfb8e227,78.72454736034075,Argoverse2
0388f280-f4cf-4f22-8b61-3408b9d41816,58.62493357712086,Argoverse2
038bb426-003e-456e-8e12-306ae67f649b,71.07166217823824,Argoverse2
03959fe1-bb37-4d9a-a610-50a28d3101a6,71.34676265239716,Argoverse2
039a20c5-36fd-438e-add8-498f3781a679,72.00375485658645,Argoverse2
039b426d-f970-40c0-b316-191fadaa0863,69.40624831914901,Argoverse2
039c3bd7-baf7-429e-adcb-3f0124360e9a,69.02053457697232,Argoverse2
039c8d26-7741-42b4-a329-8cc63fb7bac7,71.28456899841626,Argoverse2
03a27f05-7a66-4544-b9cb-28f7de91d0f7,71.76062848567963,Argoverse2
03a32a48-8d16-45fe-9e41-6939b79524ae,72.00962899029255,Argoverse2
03a404ef-b5a3-4cac-80b0-1ab50401dc80,71.4654126493136,Argoverse2
03a49a6a-6197-4f48-9eae-080bf2752efa,69.10428976913293,Argoverse2
03a4e06a-bccc-459f-ac32-076bba9d4e3d,53.90093447920974,Argoverse2
03a54244-d4a4-4b8e-8cbc-4f0729fe4cb1,34.15002767461364,Argoverse2
03a64339-2304-4ff7-8540-0dae906f7e09,74.44072077751159,Argoverse2
03a6c21a-dfbb-4047-b47f-6e8032f09fcd,36.86200337730017,Argoverse2
03aa159a-11c8-48a8-b007-c754b7417d64,48.51553516950563,Argoverse2
03ab4086-6585-4e07-8494-e61efadbf5e4,90.483832954367,Argoverse2
03ad6094-9b04-4039-8cc1-488bf898e660,84.11225542167823,Argoverse2
03afc320-acb1-4717-8240-fca72512106c,69.16293613990148,Argoverse2
03b2fd2c-10a5-4e5d-a5a3-d2a941113b7e,74.93921778440476,Argoverse2
03b4f03b-b54c-423d-a8ab-96e522a74f41,74.29962748169899,Argoverse2
03b53590-22e2-4847-87a6-464bbf0b7465,74.26799625257652,Argoverse2
03b843b0-4ff4-4ddd-9b5c-c2190a09a607,76.22079561968644,Argoverse2
03b86142-5dd7-47b5-931b-dc75a4ed88ff,68.44376648664475,Argoverse2
03b8e752-e33e-46a0-a2c4-98e2ffe60edd,59.70381409936263,Argoverse2
03bfd760-d8d9-46f3-aa16-885efb85cf16,74.22966967980066,Argoverse2
03c378df-404e-4e3f-9206-f41869a7b7a0,69.08018114884695,Argoverse2
03c94364-761e-4e62-a05e-0d62d5af9b7a,68.4349626984199,Argoverse2
03ccf9b1-d7be-4312-94ee-a8fbb636a916,70.46893037497998,Argoverse2
03cf6a50-b668-46ce-ba05-6bd4468b8680,71.9984937296311,Argoverse2
03d2245b-361b-4f1b-aeb1-39cc105d9abd,75.35358052889507,Argoverse2
03dc1a2f-f3ea-4632-8231-4b69ceffa660,74.68028626680375,Argoverse2
03dd6505-37c2-4032-bf3a-7a5dc95caa36,69.50468296150366,Argoverse2
03e1c00b-a7c4-48ba-876b-284f56a0d95f,70.60043836037318,Argoverse2
03e52ed8-8f9c-4320-803d-d0f58586fdf9,75.37784960865974,Argoverse2
03e59942-053e-41bb-a202-a6c120e05247,69.69018834710121,Argoverse2
03ea387c-b884-43e0-a6b4-071120cd08a2,70.38095445553463,Argoverse2
03ef2306-f91d-436e-872d-6aa60d019611,72.38326950371265,Argoverse2
03ef2f53-ec8f-41c1-be64-91ab10b0dd1e,69.03244397044182,Argoverse2
03ef8a00-676c-456e-bbe9-0fc6fb7b5ad3,41.955386279647946,Argoverse2
03f198e9-3ffc-4b04-9863-fb41d2431926,76.72169758717219,Argoverse2
03f3d173-aeb9-459d-8844-15573a4f8f77,66.82809731633257,Argoverse2
03f3e304-eaf2-497f-a4e5-daa4d9a54c8f,71.36609275301298,Argoverse2
03f494d8-9efa-4116-a701-7ee0f4f27206,78.16761001110076,Argoverse2
03f4e972-afbe-4d5b-8c74-2472e7f30029,73.51851919174194,Argoverse2
03f6587e-bb2d-46e7-aadf-de76aa41c4a5,70.30101032495499,Argoverse2
03f8ebd3-d8bb-4204-951c-5e016e2f4297,72.08213040630022,Argoverse2
03fc110f-101f-474b-a399-95d9b4664d7c,70.79425282398859,Argoverse2
04005f96-f7e1-4be5-8100-ca5d0c8158cf,85.16842399934927,Argoverse2
04007593-6b60-42ca-8eb2-4de5308f6224,71.23485599160195,Argoverse2
0401cc93-919d-44a5-bd3b-8e92b46b328b,73.18119021058082,Argoverse2
0401e4d2-ad48-4b87-bb04-caedbb53986c,70.70772556841374,Argoverse2
040320ad-b3cc-4cbf-b9b8-e74267c84ec0,73.07847129305203,Argoverse2
04076adc-262b-4f27-ab8f-51ff0ac97a7e,69.45249433318774,Argoverse2
0409d524-492d-4e54-81eb-69d1f564fd8c,70.94681350310643,Argoverse2
040b4d71-da76-40f6-8c04-69b6de088f5e,68.4564424554507,Argoverse2
040d2c8e-a999-4323-8218-9c27d65ac81d,69.38900907011005,Argoverse2
04127f9a-8ef0-425f-9e8f-3d14f014ff29,71.09571856677532,Argoverse2
0417b507-cd8b-4772-9ef4-b81fe8dcade2,37.66699871296749,Argoverse2
0418997d-1747-42f2-afed-66b6904e02e9,73.09457023660342,Argoverse2
041986e2-4e45-43d7-b11a-53159057bd1d,73.75535112380982,Argoverse2
04198bb2-6732-4e9e-b69d-14cb29f251c9,69.20148502786954,Argoverse2
041b48a8-77a0-4140-a0a4-4a6faafcaa5c,32.4192102948228,Argoverse2
041bb0ad-2153-46f2-8c6e-39c6bb5b48b2,74.93718453248341,Argoverse2
041d6736-34a9-4474-a91a-d3ea0f3b9a29,68.47822639942169,Argoverse2
041e7d63-ea63-4e00-a5a5-ca80f4590bde,69.68459445238113,Argoverse2
04228a63-7b08-470d-b2fb-88ba6cb7d47a,72.65493318339189,Argoverse2
0424e1ff-4b0a-45ff-9641-a030a37a40b7,71.17717206517855,Argoverse2
0425f9d8-9fbe-4f82-868e-287857dcff4a,65.92168434864787,Argoverse2
04293a58-5a12-4454-91d3-cc728d55db85,72.34130932887395,Argoverse2
0432f21b-1d05-476e-af14-fe48315d92ed,78.62109812001388,Argoverse2
0433b812-37b0-401b-b114-5a2400c977b2,71.12035222053528,Argoverse2
043b681e-fcf9-43cc-96c9-77416fe8e948,73.77488971054554,Argoverse2
0441f342-b2ce-4ded-9672-a45173f72a0d,72.71175231794516,Argoverse2
044cf9e7-b4a2-4e88-b14c-737685e78120,73.42045652449131,Argoverse2
044e7279-4f38-4b3d-8409-0a7c11a0b88f,50.75700708056212,Argoverse2
0453822e-6641-4919-b303-9f023d9ba14f,59.98631582243298,Argoverse2
04542005-8f8c-4c29-9bed-a45ccca4dfc9,71.78215506792068,Argoverse2
045719b9-ed2c-4859-8c1c-9873481d4c98,68.83623970210553,Argoverse2
045bfbec-6c4c-4e4e-b474-2e0e33f5c907,68.68155457258224,Argoverse2
045dc6dc-ca9b-4942-b008-44a90648b84f,69.08797003706296,Argoverse2
045f966b-6e83-411e-b7b3-2a8dbdebd427,78.06354732016723,Argoverse2
045f9c81-96b1-4477-a134-32baeed93710,73.58848151008289,Argoverse2
045fd937-8671-4e40-991c-9b02c19372a2,70.70559778571128,Argoverse2
0461d152-44bf-4a3b-8609-bfbe01b9af8e,50.16256888471723,Argoverse2
04657af7-1b29-4831-ad15-4602bf931ca8,72.55402499397596,Argoverse2
0467d8fb-9727-4907-bad5-4dedcefb04a7,68.7323121148348,Argoverse2
046c3777-ffa1-4e58-a071-d0e45522b44c,72.85576831102372,Argoverse2
046fb843-7436-439b-93e0-0278cfab0eb2,40.243704403516325,Argoverse2
046fba69-fc9c-455a-abef-e9068f43909d,70.37067854086558,Argoverse2
047077a9-096f-49c6-a09b-65dd96d1a5c6,72.82798493444919,Argoverse2
0470b14d-42cd-4679-98f7-747965af66c0,77.72201658427716,Argoverse2
04760083-b2f0-4519-92d4-b07f31e3c512,69.6310590815544,Argoverse2
048218e3-41a1-4342-948a-2b4fa4b98bf4,73.82511119047801,Argoverse2
0482b702-6553-43bc-895a-76d78a245e85,78.19886083245278,Argoverse2
04832be8-34e4-4c9b-b3de-98fb665a0d0b,71.72911413609981,Argoverse2
0484a954-0537-4de1-8243-366914daabfc,72.34400109648705,Argoverse2
04863ae1-01ca-47d0-a6b6-980f74147055,79.63885397513708,Argoverse2
04892447-9f9c-4d47-9d4f-d4c40c2cfe2f,69.96998915870985,Argoverse2
04923054-3816-4fe8-81f0-8f0911c73e27,83.52377843161423,Argoverse2
0493aba2-d61a-440b-b51a-b4236069080f,71.12355269829432,Argoverse2
0494d287-7c6a-475c-aea1-594e45e4ac46,71.2817951343457,Argoverse2
04952b1e-9c94-47fe-b5f5-6279a62c9a1f,55.54539466509607,Argoverse2
0499c82d-458b-464d-a603-e355e5da4ec7,71.21664965589841,Argoverse2
049b91df-a0c0-4ab9-8f6a-a7f7a64dba62,69.37469984094302,Argoverse2
049d6799-e01b-40d9-92a5-0d7f3b6c542b,69.5296145749092,Argoverse2
049ee267-2c2f-4390-9d32-b653b5cf270f,70.06527092973391,Argoverse2
04a49c79-972d-4d77-84ed-dbf71dd8050a,73.77630179127057,Argoverse2
04a5afea-8019-4716-b51f-e8a0eec4631f,69.87294744054476,Argoverse2
04ad21d7-32bc-42e2-aec6-2d01edbd4838,70.04517687956492,Argoverse2
04adeecb-79e9-4687-a4fa-a2cfa3ba9055,73.68984495162964,Argoverse2
04ae045a-1d40-4f8c-93f1-fb3e36d3b7e6,68.98335263033708,Argoverse2
04b093db-80ce-4881-8fce-4895fb65dc49,73.25470867951711,Argoverse2
04b12dab-9486-44b2-8adc-6474b565f42f,68.71678422192733,Argoverse2
04b1ce97-eb8a-45ae-a7b0-41f5a7585e23,44.70653916582512,Argoverse2
04b233a3-1124-4b3a-a618-b63008872885,73.11340075095495,Argoverse2
04b33d11-6991-43f4-ab94-237bc69c84b8,68.17808348478339,Argoverse2
04b6c66c-6a10-4895-9973-0b98f9e43290,71.86743569155534,Argoverse2
04b8bf6d-7847-4846-a230-a62fd57dc3e7,44.159381546309895,Argoverse2
04ba916b-af9a-4a5e-b2a9-2d08377e1ec9,69.34045124550661,Argoverse2
04bd90b0-7719-4c3a-924d-c9f2b15103ff,71.15243766784668,Argoverse2
04bfeb19-ffc1-41ce-bc75-1b300264661b,74.58423611263434,Argoverse2
04c5c41c-a64c-4a07-a8f3-7139cfcf510c,72.57324346582095,Argoverse2
04c97cb8-7e55-4a33-ab3a-b05597d94405,72.7402274141709,Argoverse2
04d21248-5ed5-49f3-bec3-fbf1c830e327,82.623503510952,Argoverse2
04d2f54b-f914-4a55-afb3-6d030c9daffc,80.0860721886158,Argoverse2
04de68ee-b28b-4cff-bd79-4809acea144a,78.72988931536675,Argoverse2
04e1749e-5d62-4a4d-ba66-f2a77a24c613,72.68575178146362,Argoverse2
04e4a6ff-6e53-4f00-aebc-aedb7cf467ac,53.41049955094195,Argoverse2
04e4ff3d-71f8-4fbf-b5ac-85520278970a,42.77322414971327,Argoverse2
04e7e3ac-16b0-4e27-80ce-0f43dd5cefe2,69.52558776577314,Argoverse2
04e8e751-f9c7-4058-80d5-e1f050485b1e,69.73852343539397,Argoverse2
04e9c1ca-7560-476e-9d1c-8f5255a06a8b,71.37426008363565,Argoverse2
04ef09c0-54bc-4d64-aff5-f2ef142b67f1,73.29473499298096,Argoverse2
04f0a78b-fe7d-425f-9ccd-a476900d201f,75.9330018222332,Argoverse2
04f37236-9236-4b40-ae3f-79b5ec2ee6a2,69.84805326859156,Argoverse2
04f5057b-695b-4c61-a721-b42c7d44d23b,69.57972290118535,Argoverse2
04f5e07c-edfc-4d3f-a4f3-68d7bb571f85,70.4957535413901,Argoverse2
04fabaa0-0235-453e-b8e7-be677cf4997b,74.7285762687524,Argoverse2
04fdd3d3-3df9-4c9a-a3d2-7c5008c8430f,72.02809950391452,Argoverse2
050085ee-771c-418c-8530-7dd36704ae1c,55.13246706594536,Argoverse2
05013c02-9ed7-4b78-b703-ad56c51de61a,68.1981926103433,Argoverse2
050319e5-06a6-486e-8129-dcb9f79859be,69.66904900888602,Argoverse2
05033799-7b85-468d-a4a0-24b087648130,65.74318270662907,Argoverse2
05038ece-1935-49e5-8a02-0e10dffd4931,69.55944699207942,Argoverse2
050647f1-7c6b-4cba-8285-f6d0ba54abc4,78.19346135934194,Argoverse2
050867a9-8342-4833-8c30-a48d833512ba,70.54366982897122,Argoverse2
050c02cf-de95-4075-b14f-ce794a0f2aa2,32.72100634182705,Argoverse2
050c5cf4-1ac8-4bcc-b0e4-10f33041a287,68.39805971344312,Argoverse2
0517f53f-def0-487e-a8f0-9a35a3bc72b5,69.96057093739509,Argoverse2
051ce6d7-91d4-4812-a4c2-7b27a8558df3,80.29565429290135,Argoverse2
051d5cad-a738-4656-9b54-8bd87d312a0b,72.39622405946255,Argoverse2
05214d2e-78f8-4415-8e1b-12d12aa9cff8,30.57546895297315,Argoverse2
05232a32-b689-4d23-b31a-f29e41183cbb,76.69055789589882,Argoverse2
0526691b-3d9e-4a75-a8fc-88fc5acdb794,70.38719903389612,Argoverse2
052ceffc-02b5-43a4-a1c0-c0acc9205a7a,69.28985863029958,Argoverse2
052d58dc-0e06-4067-a8c4-51591de3c943,72.1728997973601,Argoverse2
052f75e7-667f-41e1-8a5a-7bb61e7fda7d,32.4593582396853,Argoverse2
0531a0b8-6660-4796-a7df-0faaa45106fa,72.34480218052863,Argoverse2
05340841-b54a-4f51-8f5c-cbfe98fca3cb,70.72022891541322,Argoverse2
0537fb18-f22f-490c-aa9f-05bd219a7379,69.1122414946556,Argoverse2
053b09d0-1322-4d1e-acc2-852f5146bbb3,69.61736872037253,Argoverse2
053b1526-516f-401b-b21a-8b25ab8627b3,42.13138898745702,Argoverse2
053c3bcc-4786-4058-b1e3-465be3de0ab7,59.12567753542144,Argoverse2
0540abc4-2a79-45e4-ad5a-9c37528bd650,63.05667119111118,Argoverse2
0542ac7f-bab1-4627-b488-36ab08fe73c3,68.88643556435903,Argoverse2
0543fa2d-e8d3-408f-898a-98237353ebc5,75.12004862705867,Argoverse2
05449af9-36ac-4a8e-9722-80a5b15aa6f7,75.92778047124544,Argoverse2
054a41cd-46ae-48e8-bb3f-3ac2eb951d66,78.93879731833935,Argoverse2
054a75aa-f6cb-4d09-99c0-ee6c350f9a25,80.8018357950449,Argoverse2
054bf510-134b-4640-8a3a-856762ab8eeb,70.3696561429898,Argoverse2
054e4640-acdf-4a45-ba3c-16c0d5cbaa1f,73.14027205626171,Argoverse2
0553b9d1-e849-40e2-804a-af3dbe5e1d22,73.20370569586754,Argoverse2
055502f2-a874-416e-b1f1-a7c2d8cb86a0,75.72173556069532,Argoverse2
05569dbf-547c-4d33-bc15-3e3f56dcaf60,56.468362535080296,Argoverse2
055711bd-7a01-465b-8a22-1de3687f9f12,75.80017429272334,Argoverse2
055a053f-766f-4c0d-8c0c-d8a781d6cd4b,62.03372306655047,Argoverse2
055e1805-296e-40cf-aa1a-87337b119e55,69.27698110938071,Argoverse2
055ec09f-356f-47c9-afe6-295a38a47ff5,71.1835264980793,Argoverse2
055ff4aa-1fef-460d-9467-952c8899ab33,69.71131770789624,Argoverse2
056327df-9012-4124-87b2-9c3fd36987cc,38.483261386212085,Argoverse2
0563b463-5ecc-448f-968a-c5f4c7be4a4f,69.12851506551107,Argoverse2
0563dead-5e96-4d59-852a-4a9efaa76123,66.13865462455793,Argoverse2
05649cd9-316a-4f0c-a7c9-c2bbb0873cc3,59.371097505745006,Argoverse2
0564de5b-5103-4ff9-b030-4324ecf3d372,73.67589476823807,Argoverse2
056c987c-b3e4-4efb-84cc-12e0fb5c6b8d,71.79979425787926,Argoverse2
0572aa8a-b9b4-4e50-b6e8-875a6f7c03d0,70.16308429578939,Argoverse2
0574580f-6dbc-48c2-9bd6-a5b5559e70a3,75.53925519088904,Argoverse2
05791ba5-0393-483e-a945-150c2e7aa1ed,70.04759542703628,Argoverse2
0579b963-1e7b-42f8-b8bd-e2377ad20028,70.535732670029,Argoverse2
057adf67-91c2-43de-a2fd-6279244018fc,76.706222341458,Argoverse2
057ef557-55c0-44b0-9897-800e84c4edd6,41.33772449479608,Argoverse2
05800648-93a6-406a-b1ca-7581b9b13b34,71.02661870121956,Argoverse2
05867415-6588-4a6a-8ed1-4329e8908059,70.25345651984213,Argoverse2
0586fc9e-edd4-438d-9695-57fa7807701b,72.85900131861369,Argoverse2
0587f00a-570e-4031-92ac-64a8d145212e,69.87763038396835,Argoverse2
058ccb3f-762b-48ed-9173-44e1908be94a,71.76350404024123,Argoverse2
058e1923-47d3-4ce6-ab81-1fa24912971e,73.99516253789267,Argoverse2
058e3179-8177-4393-a652-ca91d3f159f8,75.97703299880027,Argoverse2
058ff7f5-7ccb-4ca6-b406-e2e6a3e14ad0,70.12577629725139,Argoverse2
05907d43-a3ec-4cf0-955a-0452b24d3745,70.45783372044563,Argoverse2
05977ea8-7c69-45e4-8bf3-6354ac148a2d,75.00854363918305,Argoverse2
0597c2df-66e5-4298-acfb-1375fe8d8fd8,68.98954482575257,Argoverse2
05993d6d-677d-4b49-834e-40eb484c07c3,69.87193322956561,Argoverse2
059c6e17-f44a-4f2d-a828-ac54043f9846,70.62092591842016,Argoverse2
059f2e75-a317-4d24-96bc-7552e31f6c44,79.46434929668904,Argoverse2
05a0577c-8078-48ea-8467-9fbb9133cd17,53.608107184777445,Argoverse2
05a210b2-ba61-4ccf-85b0-af508d8e670a,70.87536383450032,Argoverse2
05a2ec36-5651-4948-b3f4-314e866249a1,68.82461682140828,Argoverse2
05a40038-04ad-4e19-a368-b632d8a0c1b4,70.86224081714948,Argoverse2
05a7edf6-1ee8-452c-ab2a-8cee61c3f249,57.78987875491741,Argoverse2
05b1691a-1220-480a-8d57-b1fd87c2b71c,69.9938133875529,Argoverse2
05b3a3ff-00d5-4607-a553-3557fe75c415,42.4379501113928,Argoverse2
05b49092-4251-49aa-88a3-142942c726fc,69.28449675917625,Argoverse2
05b50819-9766-44fa-8f3a-eede29624068,70.69282531380654,Argoverse2
05bbe9ac-0e5c-4820-8c55-12dc13ada80c,76.42870461245379,Argoverse2
05c104fb-7bc9-43c6-9a84-d92ccc976933,72.65556429624557,Argoverse2
05c3fff9-71c3-4968-919f-924856a34b1a,70.27473214109739,Argoverse2
05c40925-412e-4f07-a040-0bcbce8d6636,65.19785023079392,Argoverse2
05c5e639-989a-4813-903a-42a172ab7da2,69.58670408010484,Argoverse2
05c73e32-d5a0-4382-89a6-68e907747206,77.7764484544595,Argoverse2
05c836e4-4be2-4815-b615-b540e3236aad,67.62700345830314,Argoverse2
05ca6587-2b44-434f-8afc-66cb051e0dac,71.04055697421232,Argoverse2
05cafb77-d787-447f-ae22-d23992fda397,72.2588138171037,Argoverse2
05cb5c28-e0d9-4b9b-87e7-70eb029aafb2,69.50420736968239,Argoverse2
05cf74ca-9a30-4671-90a0-a62f03dc33a4,71.38070581098398,Argoverse2
05d18946-03c8-4d51-bea8-5f07b5337f97,65.2039521035748,Argoverse2
05d3d922-51b6-4ed3-a66e-aaef80f9645d,69.57944498300552,Argoverse2
05d74091-6e10-4c7a-ad7a-37ea19563f62,69.85105751327406,Argoverse2
05dcdf37-a472-432c-b576-3379edaff68b,52.88133384848764,Argoverse2
05dd738d-d247-4778-97fa-a9839e79a3a3,79.48964312434197,Argoverse2
05df5f85-61ea-4026-863d-3ea011bc60f1,66.62623335922294,Argoverse2
05e029de-0889-4c98-ba80-192318b8d3fb,72.62882262607415,Argoverse2
05e1f19b-cdf8-4197-aba4-97c0f2423df6,73.38986508289973,Argoverse2
05e3dab0-78b4-46f6-9759-59668d5461b7,69.2119528444608,Argoverse2
05eafa65-edc3-403a-8027-f711292ba448,72.22459323545297,Argoverse2
05ebaa51-3a29-4ef2-aa16-c96aaac14f26,69.34287019173304,Argoverse2
05ee47df-f6f9-44b8-b9f2-8f09252eac5d,73.6200161121289,Argoverse2
05f93295-b111-4078-827c-fd151b69746a,73.00022289057573,Argoverse2
05fd77cd-1075-40bb-ab6e-55478b2fa8d2,70.93848015288512,Argoverse2
05fdc8ad-0b01-4b7f-810a-77ca273583b6,71.27986037115257,Argoverse2
05fe41c9-12b0-4c09-95e2-4c8f5fc4c100,31.860905529057703,Argoverse2
060584c0-30d9-48cc-8ec8-d8eaf7c2e7ab,71.2803313734134,Argoverse2
0607e4f9-14ee-4140-818a-e00d8eb9f0e5,74.80812799493471,Argoverse2
060c7e75-8daf-4401-bd16-3ce1c3b6513f,74.43458279967308,Argoverse2
060e41ac-8e87-415f-a26e-931d4b2bb5a6,74.16621256828309,Argoverse2
0617e878-c0ab-4d5b-98ff-e81455a4e0b9,49.51170423803883,Argoverse2
061ebc35-5e26-4953-8d7b-528d3783c2f2,76.58794189870358,Argoverse2
06208f8a-b290-4eed-8184-db0c90cdba8e,70.27824108898639,Argoverse2
06239a02-99b9-42bc-9990-8296daf95312,69.6029803498586,Argoverse2
0626772a-ae37-46ab-94ce-ba43e9e76442,73.66473101377487,Argoverse2
0629a619-9495-40c9-a3ba-a4c56fbc0ffc,69.03621631145478,Argoverse2
062b3adc-0dae-4ea2-8e20-c79d55f082e4,78.30533508221309,Argoverse2
062f5997-6c1f-4f20-b71d-d324079edd6e,76.08697058657805,Argoverse2
0630dbe7-b44d-45ff-95d9-32647c69d657,35.4078698143155,Argoverse2
06350990-3558-4112-8422-9ec06cc82384,79.30149532457193,Argoverse2
0636a16b-96f7-4d2b-97c8-c5d47a9f3123,71.3394484913349,Argoverse2
06371d88-556c-42aa-982b-710583c48052,71.01551268994808,Argoverse2
063afa9a-14e4-43c1-93c4-46334e8a991d,73.29783917049568,Argoverse2
063b3f22-347d-4fd8-ac5c-f393bd0ed4de,77.79373427530129,Argoverse2
063fac1f-0aa1-4ff1-a1f5-8da222f2425b,70.06413136621316,Argoverse2
0640697f-9343-4d6d-8b8b-2e392049edcd,74.03896834095319,Argoverse2
0649f56b-9485-4af2-8144-6c033c58bfee,70.949905874311,Argoverse2
064c1a4a-bc2b-4ce8-bc24-5fbe61bfd2e6,68.24649635314941,Argoverse2
064d726b-d1a1-4fcb-9718-0b3b08024b43,71.89230809410412,Argoverse2
064ed6a8-cf86-4e51-b90c-181962282353,70.24129206021627,Argoverse2
0650f504-c53a-455a-87f7-af13726a32d1,69.288784395655,Argoverse2
06519206-50d3-41d9-a355-5b6e7b16564f,72.42235459784668,Argoverse2
0651d282-7399-4c3a-aaea-630d70ca94cf,69.24615481853485,Argoverse2
065a5ef5-9c9f-42b3-888e-c23bead2b632,73.56919150352478,Argoverse2
065ac7fa-6164-4ddd-b95b-5a07d1235210,55.00354328504283,Argoverse2
065b0f89-5bdd-4be5-a2c0-e29cc3fcfbfd,72.3916659549872,Argoverse2
065b18ed-4eca-4272-8fc8-fe58e6cd4c3b,83.24112413247427,Argoverse2
065bc8f4-ede8-4b8b-b8d1-39a6781c65ec,77.49518474380174,Argoverse2
065c3385-8f38-448b-9caa-3f7b07a0d30f,69.2573755244414,Argoverse2
065d9248-f4ad-4929-8356-de39a82d4071,66.2212709286735,Argoverse2
065e1945-5028-49af-9c97-1671264dc9be,75.87759111464023,Argoverse2
065e704a-72bd-4b6a-8b86-583298ef08a0,72.484981589516,Argoverse2
06619153-8130-4524-8185-2a6be981d9dc,68.35634079694748,Argoverse2
0666634f-f69c-457b-85d2-035b46c5ab0c,72.1395092010498,Argoverse2
06692435-c709-4077-ad94-b6b5694026e7,51.23124556891342,Argoverse2
06693ec1-4922-482e-9d94-a6429d93d78d,75.26174956917762,Argoverse2
0669d879-c7b8-4b92-a2a9-acc4e97b36ef,68.69903724888961,Argoverse2
066cc19b-86fc-4c57-afdb-6d6ed3d4ee4d,72.45953111430009,Argoverse2
066f14e3-da5e-4ca1-a29c-bc89b567b7ce,77.67645761728286,Argoverse2
066f9ddb-657c-4acf-81f8-b3e9239e73b5,69.28520599802334,Argoverse2
0670514c-3e63-44e2-91c0-2ec2bf9f02d8,49.22344693993765,Argoverse2
0671cb81-38e2-4edc-9d00-8b77ebfdf4bc,74.65354985555012,Argoverse2
06721e94-d280-4059-af2b-5acfee25c963,75.24062948822974,Argoverse2
06731c60-8951-4075-8ec8-64cbe8c92e9e,73.8197113955021,Argoverse2
06764581-9339-4247-8b85-6c10612bba6c,75.6100305279096,Argoverse2
06771e1d-e43f-442c-811a-a6f121bc9a81,70.20682640830675,Argoverse2
0679bb28-ec08-4f39-ab8f-fd6b64695e6a,71.29539272268613,Argoverse2
067b966a-2e67-4b07-9a85-7a23b6811825,77.02216230154038,Argoverse2
067ba044-d09c-4a29-a48c-79320a7baac9,73.48353502511978,Argoverse2
067dad19-6c3e-421c-9288-7c6fc36eea48,22.342896724668854,Argoverse2
068395e5-872c-4619-948a-447674df5e3f,70.65878911872775,Argoverse2
0685eaec-4b79-40f7-895f-52580337a8ba,71.6395368117094,Argoverse2
068c1198-0a52-4616-8505-70e066fa4f4b,68.86316055138906,Argoverse2
06936e0d-d0d9-4646-b8df-1c47ac57cf7f,69.1460668349266,Argoverse2
06938a52-155f-48eb-ac49-b89a16fe38f0,73.94310898787644,Argoverse2
069a535b-bedd-4692-87f6-472b26395f1a,21.52448149406993,Argoverse2
069c1af0-7bae-4797-bb8b-012728434022,70.94338443756104,Argoverse2
069f997e-c995-4e89-984e-dce9714eacdb,79.92402788639068,Argoverse2
06a08063-fcb1-4b49-bf14-453a47e511c0,74.28542039950689,Argoverse2
06a577da-b8eb-4062-896b-e138cf012b31,70.97577243129413,Argoverse2
06a5eed4-52cc-45a3-ad5e-a848610dbb42,73.27755958338578,Argoverse2
06a64536-143f-401b-bb65-f719f37f9794,70.68508417805035,Argoverse2
06a99c79-84eb-48ac-9728-f122d21d1b95,78.45628674189248,Argoverse2
06aa7be7-c2a1-47a4-b347-b37edbbd9e9c,74.24364399671555,Argoverse2
06ac53e3-edc2-4e85-960c-de7570fb853f,78.91072137157123,Argoverse2
06b37796-805b-426d-bc8a-929b8f021431,72.84790878434977,Argoverse2
06b4d8fb-6aa0-45ee-b388-cd7e12f54964,74.23565303564071,Argoverse2
06bbd6f6-c860-40a5-b4e3-0bed4a4a9263,73.02723293542861,Argoverse2
06c020cd-9b25-4108-820a-6fa0b01a7b92,70.24024744828542,Argoverse2
06c3f78f-728e-4d8d-b66b-0c6f569e91ff,70.14905950546265,Argoverse2
06c7bd66-9ab6-457c-b52a-4ca1f9b320cd,72.46284005244573,Argoverse2
06d21a0d-0d91-4e0c-9c5a-37b60fc53579,75.27723751703898,Argoverse2
06d7a613-d016-4a1b-b17d-a3e4ff20975f,72.54351765453815,Argoverse2
06d8f31c-9eef-4e0b-ab0e-46bb88cca402,70.25040516356627,Argoverse2
06d9ad8e-711f-4dea-920c-b1c223a61eea,69.98829933404922,Argoverse2
06dc40f6-7ded-49e4-9970-2e5b65d33526,78.05230218847592,Argoverse2
06dd6a02-555f-4f24-87de-af0e692e8788,70.66274295330048,Argoverse2
06ddf6ec-0578-4c2c-b05c-92507b8483eb,71.37874434391658,Argoverse2
06de4f87-863b-48d1-97fb-1026ee18f05b,73.38767178297043,Argoverse2
06df5022-41b1-47cf-aa7d-cff3f741a01d,71.14886772135893,Argoverse2
06e148ff-932b-4a47-89a9-6d6330deef44,64.02926041167414,Argoverse2
06e329c4-7fa8-4140-b36c-aad782331dfe,75.92545406341553,Argoverse2
06e42b12-c442-483b-a5e4-9f9579c637d5,69.56981620887916,Argoverse2
06e568ca-454b-4cd2-819e-77c54f024288,23.401240321626727,Argoverse2
06ebb67c-6af9-4354-a62c-1e8a4925e25a,33.060930443615945,Argoverse2
06ebe0e3-e139-46eb-8732-c2ea668f0fa7,70.56381272693474,Argoverse2
06ecda93-ff7c-4fbf-a048-ab19d8caf89a,63.27238861656366,Argoverse2
06f1ac5c-712f-4b37-ad17-6afaae41b753,69.59887544512749,Argoverse2
06f1dbf4-0f95-4b44-9a2a-ac0727be5f21,72.39620691657068,Argoverse2
06f42696-d3bd-409d-a004-c34165546a78,70.87355181833802,Argoverse2
06f56126-51fe-4fbd-bc4e-e2b8e7c223a4,19.533377118138905,Argoverse2
06f616af-3a2e-4607-8890-20b3cc976e6f,74.45371357083322,Argoverse2
06fa0bf1-89db-49a2-ac6f-f8af1d3113fd,75.0296716094017,Argoverse2
06feadca-bef7-40df-bf59-80dfcb3c382e,55.27703810271811,Argoverse2
0709ef33-3222-45f8-ba08-833d38627f2f,39.70880710818017,Argoverse2
070f53a2-67e5-44f2-860b-cb77e3b9f042,71.45446254014969,Argoverse2
07107f8f-7128-42a9-b10a-e4721aa0d196,74.71179256161054,Argoverse2
071232cd-2b4c-4c20-9e0b-171910565846,69.3803635686636,Argoverse2
07134f7f-dd86-403c-b546-9e058ec52a01,31.438213601544263,Argoverse2
0715400c-6ab6-4eba-83ee-0334dc2b4036,79.90573696593444,Argoverse2
071a0a21-7621-4fae-9a45-a9603e25bcb7,71.4025572838386,Argoverse2
071b6a37-741d-4404-b47c-30d706bfc926,52.834922157984906,Argoverse2
071c1803-0af9-440f-b634-4e907a162298,68.9510504668951,Argoverse2
071df018-2373-4e69-8937-625300b090a3,79.08261665741603,Argoverse2
071f8eb8-0067-4fb1-9841-0ef70f7f8286,69.6113003283739,Argoverse2
0723d512-41f6-4552-90fd-9f0457d1a38a,72.53959387381872,Argoverse2
07260488-77e6-421a-a84c-92ad11d8830e,68.74771714448929,Argoverse2
072617d6-0d73-41f5-96b8-1d348e962ebe,69.63318456888199,Argoverse2
0726c9f9-27e6-4118-9de4-316162f7a847,69.15058559894561,Argoverse2
072701a5-4c7a-4d31-8250-3a72769071e7,24.96329906660068,Argoverse2
07293d28-b369-473b-82b9-1f1c607ed738,72.9028581392765,Argoverse2
072a2ea5-e3f0-4ee4-8817-a8185c5a76b8,72.46843057692051,Argoverse2
072a9212-f62a-4440-baed-39d56ebd30af,78.93619921783606,Argoverse2
072b9261-caf1-4c47-a377-b5a55dd6fb92,70.54593434433143,Argoverse2
072c33f0-f689-449f-b4ef-f33707e48286,69.88810615301132,Argoverse2
072cdc13-ddf1-45bd-8e11-d36c4943fd1a,74.06507506052652,Argoverse2
072eb06b-7f4e-4da6-9e29-6127d5f31fd0,73.61168747504551,Argoverse2
072f61ae-2104-46c7-b79a-4859821e9766,68.98534857571126,Argoverse2
0736995d-fef6-48fc-a0a6-aa7bf646be33,67.2454064423961,Argoverse2
07393622-6f74-4d88-9a08-f550b702f5cc,69.48579530417919,Argoverse2
0739e582-0f8b-41b9-9117-69c74e2a1321,72.4001970811685,Argoverse2
073ebeab-ecf2-487e-b562-15a61bf3d584,72.87487569530805,Argoverse2
07424418-3f43-43cf-bc40-9e29ffbfecfc,72.9788111068805,Argoverse2
07462067-29e6-476f-a505-c631d1c3ee7c,70.64588077068329,Argoverse2
0747a5c6-5a36-41c1-89b8-b43db3ab2b2e,75.1030071413517,Argoverse2
0748b3db-18e8-417f-8f0a-6650eda9bacc,77.64605420827866,Argoverse2
074902cf-5016-408c-93eb-cc25a21a3333,69.85653522054355,Argoverse2
07496816-577a-40d3-b8f5-9c0555aef9b4,78.16669745981693,Argoverse2
074d4f6b-e6c5-4730-a01f-000b363495d3,73.31707406997681,Argoverse2
07518c58-f0bd-4038-b890-71d8ce4cae45,77.24521128058434,Argoverse2
07554d35-f069-4853-99e3-8a91c6fe916b,71.18681962370871,Argoverse2
07588a16-e9e8-4a42-a603-8320e9cccf0d,40.56538830971862,Argoverse2
075bc689-79c8-4d5c-bfb7-64bfd8bbedbc,68.43030378023785,Argoverse2
075d881a-3add-4ab1-8765-914cd33e5e73,69.50943860371908,Argoverse2
075fc069-6f14-434d-a218-6c033f0b8855,80.91416828274727,Argoverse2
0760fac1-97e5-4754-ad8e-05bad208025b,77.96173964222272,Argoverse2
0764a2da-7d7a-47a8-a5ae-00fe9a3c4658,46.76937865216565,Argoverse2
07671046-47b1-4ec2-b365-b36982e879a4,70.2510082834959,Argoverse2
0767fdf0-2796-4357-be69-d45153556ec7,69.22596101641656,Argoverse2
076a60ab-7b0b-468a-8960-ad64e9d81c53,73.8379360604286,Argoverse2
076cdd73-0b66-491b-aadb-24742d48cb07,70.74276404380798,Argoverse2
077e5021-2615-4bb3-96d0-f8424837f8de,72.11505208611489,Argoverse2
077f4c29-06cb-47fb-a710-11cfd0e4006d,72.19557222425938,Argoverse2
078313c5-b176-4f39-a595-56da98a42a75,65.87816012369917,Argoverse2
0786668c-25c1-4428-8400-c19d62fe6a67,68.1391277885437,Argoverse2
0786a864-f235-4e94-8f8a-477d590a43f7,69.02422275344531,Argoverse2
0788637d-a6d7-4779-881a-a749a03f1324,60.9079248491172,Argoverse2
07890cbf-6dd9-43a1-adbc-3932d0aa4889,74.67253081321716,Argoverse2
078e6a5c-1b04-4076-922c-0c368ee70124,72.1047948974371,Argoverse2
078e9526-eb23-48fe-884e-d823aae624d9,69.2824767969052,Argoverse2
078ed476-db1d-463f-8d47-4464c3bac17b,70.46837917367617,Argoverse2
07907380-752b-4e49-9aad-2e389deb75ab,71.68414724429448,Argoverse2
0790c758-07e3-471e-b288-2090420f6c42,77.1010789000988,Argoverse2
0794ab3f-d4ce-4f00-aa28-78a9836d74d0,71.07703127318304,Argoverse2
07979c36-ed58-4b6a-b777-e53ea599e113,75.275620414416,Argoverse2
079d8fce-87a3-4271-8cfe-62f18570bae6,71.75048089226087,Argoverse2
079e7a45-177a-4fe4-bfe9-afe3adbd50d0,68.79333877841631,Argoverse2
079f76b2-33b8-4039-8283-a3c1c57fd6e8,78.01721449832122,Argoverse2
07a38fc8-1656-4538-982b-84e4a0bcc58e,66.21247935664564,Argoverse2
07a48dd0-368b-4268-b267-ba799ab3037c,72.00397127032281,Argoverse2
07a9af47-5342-4cb2-86eb-bb81fac34141,69.42428696155547,Argoverse2
07aac9c3-2cf3-4a57-97a6-75f782e37c9e,72.84307067930698,Argoverse2
07ac79de-d754-49f5-91dc-1044577c8ada,53.49716298337044,Argoverse2
07afcf91-3f38-4474-8222-f6c429bb58ce,69.30555122772853,Argoverse2
07b23e81-49c9-4fe2-b04e-d355706e6b0d,71.2837480390072,Argoverse2
07b35049-2ab2-4d9e-b176-6b0308cc5d7a,70.41240863502026,Argoverse2
07b66900-91bc-4344-b015-ea2129652945,78.2733197792371,Argoverse2
07b7e8ae-8e9f-42b2-a426-4c462d6634c9,70.5495707933108,Argoverse2
07ba949f-bf74-48d2-a1f1-5157e6f6da73,70.02839449902376,Argoverse2
07bacd72-5599-4c36-915c-8e4f2dd04c88,71.09554322957992,Argoverse2
07bd31be-3a7a-45c8-81a2-2c28296f52a7,37.21834560616273,Argoverse2
07bd4896-8921-44eb-82d4-423056ab6446,36.86842547377789,Argoverse2
07be82be-0fa0-40d0-80db-bd48d5d27083,70.28023282190163,Argoverse2
07c1c3af-7454-4dce-8294-191dab3985e7,73.48552217622598,Argoverse2
07c418db-bb1e-49cd-81c1-9593f160561a,72.03858109354972,Argoverse2
07c478d7-e458-4693-85f2-5cca1e3c64af,74.25746021231015,Argoverse2
07c7b995-82d8-4f6d-b663-92083c323529,68.8182549037536,Argoverse2
07c8d65e-b877-4b9a-a8b8-fb85a584563e,72.26023635566234,Argoverse2
07c98dc3-14cc-43ba-9245-bf8915191f04,78.66630359013875,Argoverse2
07cc3700-209a-4912-9e61-09a56c7208d7,53.1704234405552,Argoverse2
07cdf304-d4f1-4092-a499-d50885298220,73.0879072934389,Argoverse2
07ce588e-e151-4af6-aead-d7da724ee1ab,71.05808404445648,Argoverse2
07cf3d5c-54a9-457b-9b82-2f48294243e1,69.21492166590883,Argoverse2
07d0086d-607c-4e7d-a0f0-99d592e7b05a,81.18830362975598,Argoverse2
07d1c3ce-088b-497a-83ce-90dde980adf1,77.2047614232699,Argoverse2
07d43769-11d7-40ba-bcad-867be57f4256,69.02657913545767,Argoverse2
07d7f576-8f60-429a-8c8e-63ffa067bea6,72.7834001372258,Argoverse2
07dfee6d-12e1-4f8c-a18c-5d530c2c683b,73.09307977570548,Argoverse2
07e09ce7-cbc3-43e1-928c-87cd4ac9b0ea,70.27560499077379,Argoverse2
07e3c7be-53af-431d-85d1-59ab4199862c,74.78850055158138,Argoverse2
07e527da-0ecf-425b-bef2-0537bcc2b37e,74.24452902515729,Argoverse2
07e8c100-0ed1-4307-8691-3e0b32b649d5,67.71131575345993,Argoverse2
07ea3953-d689-4bf0-9a33-50c0542a787d,74.23144921640555,Argoverse2
07ebec43-009f-4442-8f47-1ed1563a9a4b,75.0105217397213,Argoverse2
07ef2fce-4c71-42b3-bf3c-d7cded7825ed,69.78279218276342,Argoverse2
07f32ef1-2a19-4695-b0ea-59fd890ca813,70.60625281294188,Argoverse2
07f4144b-7506-4811-b98d-8b0820974578,72.5459271411101,Argoverse2
07f4191b-68cd-458c-bfdd-74d8e2bdcfba,73.62933114171028,Argoverse2
07f4d4f7-c92f-424d-b47b-5421053e6269,76.14999905864398,Argoverse2
07f76766-cfd3-41bf-bb9f-f3bc6e1658cc,70.52629265487194,Argoverse2
07f859ae-ffb9-404e-ac54-76e3d9a6ab18,68.49796473085881,Argoverse2
07fad2df-e0cc-4528-8ddb-5fcc15312e3c,74.32832926988601,Argoverse2
0804fdbf-dea9-4db5-bcad-d8e05bc7d458,50.95840009365708,Argoverse2
080577d2-6574-41f7-85a6-78a5f8271558,73.05786731700104,Argoverse2
080899b2-4a68-44c5-b00f-d5d8e2d50550,69.5268696731329,Argoverse2
080c0deb-2e04-4eec-90a4-d3ebc240ffff,73.5657998985052,Argoverse2
080c5de9-1d84-41c6-9227-e5b2f57c4eee,34.78136227104339,Argoverse2
080e3079-b902-4d85-915d-bcf5d07e15a4,75.64599477052688,Argoverse2
0810ebe1-3053-4106-9086-72e3704d82cc,70.67177394429842,Argoverse2
0810feff-6080-4b9e-8223-175e3c17e7ad,73.71940769334635,Argoverse2
08113bea-04ee-4c04-aa8d-cf4ca180e34f,71.10683351238569,Argoverse2
08129731-ca5f-4115-98f7-6ffd02da9bbf,75.41154501159986,Argoverse2
08132e95-ae91-4e2f-93a6-9affdb8505ed,68.37065504093964,Argoverse2
0814582a-17d9-4106-8ffb-c03843d0b3f1,72.68423226217429,Argoverse2
08156310-59aa-4d87-a8bb-b04563d3e886,69.8913638473246,Argoverse2
081870b8-2e1e-4cdd-a188-f5354113de80,74.04418694853783,Argoverse2
08192104-66e3-4e4f-ac91-bf2c5e2fbacd,81.93932149430117,Argoverse2
081a5187-2119-494b-9f6f-dcaaa9c37fff,73.23093755523364,Argoverse2
0821943a-d587-42e9-9765-01c3c6a8b541,68.3405034593741,Argoverse2
0821ce94-d0da-4e81-967c-4fa60e2baa67,74.01442888975143,Argoverse2
082524cc-4abb-4e62-ac76-0a5a7cb3e75f,71.04369031965733,Argoverse2
0827a27c-74a7-481f-b7c7-c7609ebccd24,75.82042073815308,Argoverse2
082913c6-2f3f-4f72-8986-5f2504fd3fb6,76.33551308314004,Argoverse2
08297fa1-f5e9-41a8-aee0-040eee295479,68.63350675463677,Argoverse2
082e2848-7327-4d79-acf9-3ab504cc4954,73.37824274539948,Argoverse2
082fb639-d0d8-41cd-bd7a-7cf551d6c287,78.24036161720753,Argoverse2
083484b9-40ed-44e3-9353-f5b1cb2cf186,70.80132558921972,Argoverse2
083727c3-4d69-47d0-a6bd-63ee4dcdc9b6,73.6674044418335,Argoverse2
0838cdd6-eb3d-4367-a8ca-55802e08b17d,40.15969334076824,Argoverse2
0839168c-5757-4c8d-b35a-e76a0d6e5e22,75.94849555512269,Argoverse2
083cd176-ae6f-42a5-b012-17fc390472d3,68.50117023785909,Argoverse2
083d707c-8af0-4df5-ac57-2cd5051bfdd7,73.55830479979515,Argoverse2
08423aa7-2f14-42b0-b46e-77ed6af18fe9,73.48551634987194,Argoverse2
0843719e-fc7e-4402-bcc0-dfe1b5568d38,71.72568802634875,Argoverse2
0845f7cc-bb2c-43dc-902b-367a7f14c90a,70.36189579804739,Argoverse2
084821a4-ed8e-400f-b25e-18a3d96fd4c9,72.97595477898915,Argoverse2
08494ea7-00df-48bb-be1d-7a19518b76df,73.66828792293867,Argoverse2
0852fb9a-e3bd-432c-980f-979aed0fb7a9,72.2469499707222,Argoverse2
085d3531-97d6-4220-8ea6-d3fdc7e1e4f1,71.77611166636149,Argoverse2
085f17e9-ea0a-4edb-877b-ee837f3131a2,75.50470966339111,Argoverse2
085f9968-a85e-47a6-9291-ad5512568876,72.70261397582682,Argoverse2
08603bd2-fb52-4658-947c-aced9642f27e,75.11836536606152,Argoverse2
08619227-277f-44e6-8892-d3f1e2bd4dc8,69.45316062053044,Argoverse2
08619496-5572-489c-ac52-c813060633fb,71.30990185797215,Argoverse2
0861e415-b5e7-4ac6-a412-d6fd679bec8d,73.26778596639633,Argoverse2
086816c5-e9da-4d96-8687-154246e4b3f6,79.83280484437942,Argoverse2
0868948f-bc28-4291-b893-1496db1e4310,69.36022933542729,Argoverse2
086a00ce-cd8c-4f45-bcd7-c92b5b0cfcc2,71.5935858609279,Argoverse2
086cb5c4-fdc1-4f9a-92cd-fc31142b688f,75.22449087301891,Argoverse2
086e16fc-5e2e-46e8-baaf-e0a38217bb4d,66.22855202979034,Argoverse2
086e8ceb-b300-4564-a198-a8358d4c1bda,76.33705871244271,Argoverse2
08778950-07c4-4292-915e-363c68311c74,69.20380044698715,Argoverse2
087c0ccb-093c-44a9-90f7-76a1f67d841e,70.24090159634748,Argoverse2
08834540-b606-43f9-ab11-330717efbc52,61.80091269940652,Argoverse2
0884b90e-46b2-4752-b2f6-c83df91dbb55,75.64853036999702,Argoverse2
0886c8c9-297c-4172-b83a-e122567c019f,75.64546683470408,Argoverse2
088b9f38-b799-4095-b7d4-8a7c0eab25a0,68.0224017838637,Argoverse2
088efe09-2b8d-41d4-b6e6-fde9dd345bc5,71.05608420073986,Argoverse2
088f8390-67f0-4614-9b2f-720b4159ebf6,71.4581860679388,Argoverse2
08903b30-d4ff-4173-bf5f-9ad22eac521d,70.12281045913696,Argoverse2
08915f36-c691-4217-b990-57cdcb0b0bc2,55.19126209938112,Argoverse2
08947a48-68d4-41d3-afcd-81c207f99958,69.69224334160486,Argoverse2
08954779-e32f-4c35-9bc2-60fbddead8ac,17.83031382632647,Argoverse2
08978d58-edee-45c1-b221-a98fb56587be,70.92787655393282,Argoverse2
089a9b8d-b77e-4af4-ae7f-2b3e534614ca,73.91657454252243,Argoverse2
089d62fb-30e3-45af-9fff-ebc2693c3e8d,70.05283522407213,Argoverse2
08a14066-6427-4cda-b5da-893bf1ce305b,73.74897727708021,Argoverse2
08a174ba-09bd-4773-b284-0fb05c7d6b40,71.2534597257773,Argoverse2
08a6caba-1d9d-450a-8c21-36556fb93ae8,70.6772878241539,Argoverse2
08a8b0c9-f93f-4ade-bcaa-e5348aeca381,74.72031706333159,Argoverse2
08af3356-3c43-49e8-b2b0-45a28a665499,73.4536205470562,Argoverse2
08b03139-bd9f-49c5-af6e-8be24be3d435,67.37789726012893,Argoverse2
08b078c9-5ea3-4d30-acb9-ae9bfe362f95,29.24403533908569,Argoverse2
08b1904d-b315-4730-bfdd-dcb44327b4cb,72.59375036478042,Argoverse2
08b4be68-e01b-4be0-85d3-8aa4d88cc44f,71.89273301064968,Argoverse2
08b528e4-fa2a-4864-b249-46079094838d,74.7822610616684,Argoverse2
08b5cded-68b0-4aea-a380-b73360190646,73.49021757046381,Argoverse2
08b6f41d-3410-4379-bc1f-95c086b7719f,73.16004214982192,Argoverse2
08b86267-e51c-4b94-943c-74e2d2f5c888,64.6275163130125,Argoverse2
08bba3cb-b0dc-436c-9803-792d2e40e888,75.50041372776032,Argoverse2
08bda29e-da1c-41f3-b5e0-cdac4298efd1,69.83751379450163,Argoverse2
08be46f1-dbb7-4846-8817-cc5b3e2f6f98,75.03455682198206,Argoverse2
08c2b621-c444-4b6c-b32f-1ec1eeefe57f,73.28261615931989,Argoverse2
08c44f07-736a-4f11-8225-10d48cde3918,70.81131682395934,Argoverse2
08ca6d32-d3d1-4476-bf41-2678a5416206,69.87149322867394,Argoverse2
08cd9d26-17df-4bc1-a6f5-0129a8775194,69.25014639854432,Argoverse2
08ceee9e-e457-40dd-b7c8-243ef07ad38d,74.23178436756133,Argoverse2
08d266a3-20d8-42a7-abb9-e458b3375419,70.95661935170492,Argoverse2
08d2f925-0521-4a51-9203-46da8d85adef,72.60243386427561,Argoverse2
08d3c795-f5ee-4855-8571-b4daf1a741e6,75.9562241101265,Argoverse2
08ddc1e4-f76f-46ed-85df-0f753456aa86,74.60842109680176,Argoverse2
08e29835-eac7-4cfc-be80-c61176adbd5a,91.48765227307877,Argoverse2
08e2e23b-00bc-4e78-befa-a67d86d4e0b0,70.18953488111495,Argoverse2
08e40625-88f2-4724-855b-f136d73571be,73.09246737519899,Argoverse2
08e64e49-f35e-4727-bfb7-a77e36374e71,69.64750430981319,Argoverse2
08e7d970-4519-4f60-8bc2-7ba3a342f863,48.06790636854436,Argoverse2
08e96058-e4e6-4a1e-9286-52b30d9ba9e2,69.1519786953926,Argoverse2
08ea28e2-cb18-4099-9061-c75233eb3a73,69.16808755795161,Argoverse2
08f33a7c-4680-4b5d-8aea-b5ec8c379582,72.78200579365095,Argoverse2
08f6a6b5-8b32-45a6-ac3b-841e4b5e7922,70.15547494093578,Argoverse2
08f8f499-8f53-42e3-96a7-bc45ba6a1ffc,78.28066324969133,Argoverse2
0902700b-491f-4a8d-b9cf-71e6f673f344,72.8713069498539,Argoverse2
090424b5-77f3-413a-ad94-7ef33a7e590e,74.69575670162837,Argoverse2
0906caf7-0ef8-41ea-9e34-6608776e6fa3,75.0483250896136,Argoverse2
09076225-ca14-4d51-95c3-7d4641a708ba,69.15770242889721,Argoverse2
090ab2cb-7d05-4781-857b-1af8cf94ef91,74.23545832395554,Argoverse2
090b4d1d-bc7f-46e6-aa6b-93e80f148d99,69.22719329198202,Argoverse2
090cfad2-d131-4892-8968-732511acdc26,69.42990757187208,Argoverse2
09115321-4796-4e26-b53a-ab1929ed1679,60.23906558563027,Argoverse2
0912bad0-3686-48d2-bfa6-ae78dc14ebbe,48.168557480488495,Argoverse2
0915e886-14ef-48e6-a930-334d06cf3434,73.26030642926693,Argoverse2
0916b221-d0be-4a49-9e55-0f8871942a90,76.11680874228477,Argoverse2
09183427-1158-4412-9123-69abf152f6a7,70.56977845331033,Argoverse2
091c3e45-66d9-48de-a66a-baf0a464158d,77.48415886461734,Argoverse2
091df51f-05d9-4bcd-aa78-8cf37f5d2d88,81.08051417708397,Argoverse2
092502e3-e7c6-41b6-b088-37e274007c93,68.3162881722053,Argoverse2
09297ed8-4c0c-4ef3-a064-adffd940794f,72.8596582309405,Argoverse2
092b6ebd-d093-4d8c-b135-e03b6bf268b3,74.49907928903897,Argoverse2
092dea89-d002-4e8d-bd91-44025d021e9e,70.54324108461539,Argoverse2
092f2cf0-3e98-42f9-bb46-202eae90a1ce,73.51411277314027,Argoverse2
093145a6-af70-4e41-a98c-092456c88a88,68.43015316486358,Argoverse2
0934a1d1-1f5f-41e8-8a70-a9155a83653a,71.62133941113949,Argoverse2
093509e0-b3f4-4eb5-b5ec-3465a6bc9600,81.26589834392071,Argoverse2
093af176-0153-4a46-b41a-808da3340e5e,66.72008043310377,Argoverse2
093cb621-9b6a-42ac-91d4-3dec40ca877e,71.90209936062494,Argoverse2
093dc53a-1acd-4ba9-b205-2cea013311e0,71.70240447600682,Argoverse2
09402d2b-8078-48f3-8261-cd28d09a1502,69.99300966540972,Argoverse2
094262ca-fdcc-4063-8619-a7a326cb012c,69.97216390887895,Argoverse2
0945dab7-f9a4-49aa-ba8b-356ce3a17a65,77.75119238615036,Argoverse2
0946468d-c3f8-4a0d-8a87-3743b2a85181,69.9313332593441,Argoverse2
0946e7d0-357c-4bab-91fc-6b01703fdab1,56.3490258304211,Argoverse2
094c3821-0f8d-44d2-b6bd-6e00deb0bd9c,71.71587185978889,Argoverse2
0952dda5-f712-4797-8d34-ba748912ca69,21.64473079797662,Argoverse2
09559830-1810-4b63-897e-4766bc8a20bf,72.61253424882888,Argoverse2
0957efa7-1e37-46ab-9292-107b9b2ca0d5,66.26419379340722,Argoverse2
095e3f62-bb14-4a61-be96-bab4e273ad0f,74.46172658681868,Argoverse2
0962f855-5d5f-4eb6-8ec1-39926a6d00d0,56.6771573373261,Argoverse2
096585da-cdc0-475f-9ecc-db873973cfaa,72.85386689166228,Argoverse2
09669770-0323-4478-834b-cbd42fd2d928,68.40629597365856,Argoverse2
09674236-30ae-4c43-ada9-50626ae95b4d,70.22745966434478,Argoverse2
09685c87-2cbf-41c9-87cc-55e8b3cd49c1,10.909200223326687,Argoverse2
0968aa0d-1df5-4ddb-80f4-bad01f97a347,74.62066491762798,Argoverse2
096a0077-e9a5-49f1-b024-6bf80bffcc9e,79.37436679899692,Argoverse2
096b0afc-973d-4c03-a9b9-5cf52239035d,69.75448237856229,Argoverse2
096b6d82-3e28-45b0-9082-9e142183be00,73.82376980960369,Argoverse2
0971c3f3-d98a-4877-b8b8-40f00f60e5c3,70.30306815425556,Argoverse2
09754503-275e-47d4-a94e-dcfd917ebcda,71.44328308065732,Argoverse2
097617fa-c20a-433b-8586-168d9d9b24e3,70.33547321657339,Argoverse2
0977d5bf-f63f-4e9c-8529-682876b87d65,73.22543146292368,Argoverse2
097b0a6a-9b3a-417a-a831-c79ebd14e6ff,73.02786065578461,Argoverse2
097e0a9c-7bc1-4c60-bab0-0894d61b68b7,73.8890175608794,Argoverse2
0980e2ad-534c-4e3d-b237-7879c619b4ff,72.53672319591045,Argoverse2
09833393-08ad-45c0-9285-6b7e2c1462fc,67.01639575273417,Argoverse2
09869147-c746-4178-9664-76db7bf1834e,72.6043908983469,Argoverse2
09871b72-c560-4b0a-9bcc-091f1aecf448,70.87588961164157,Argoverse2
0989685d-669c-4370-91d6-9254a3c8bb5f,78.80839284817378,Argoverse2
098bb1d0-97a9-4ecd-9c38-9fa7f176e01b,79.18353668749333,Argoverse2
098f09ad-c14e-4071-a048-e6078b813afd,70.54151114960511,Argoverse2
0993fce9-430b-4c68-9dc9-fd52aa93a025,74.91094534615675,Argoverse2
09947bf6-12d5-4eda-9e83-55edf3acbf51,73.37942414720852,Argoverse2
09965dc8-799e-4531-bd03-c774a8ff1e5a,71.4091736694177,Argoverse2
099ddf26-603e-4ff0-ad1f-32c52472720e,68.50679799874624,Argoverse2
099e8839-2911-43ae-93f0-0b442abd8d5f,70.39962782263756,Argoverse2
099ea647-706d-4b54-9a24-4f73bfcc54e0,76.57762759427229,Argoverse2
099f4ee9-bd0d-420c-ba1e-a426677f2fd9,68.00958790743809,Argoverse2
099f6792-90c7-454f-a983-9d5ad6ce2f4f,76.15632501284281,Argoverse2
099f727a-17a6-4e5f-8e06-9ff4a73716f2,74.04173633058866,Argoverse2
09a2a998-886e-4313-beb1-6c4f223397e2,73.1033263971408,Argoverse2
09a5a505-19f3-41ef-a3c7-f388bba37e6d,69.9114222029845,Argoverse2
09a64320-7e16-4956-ba69-870feffe5c38,48.96480550649945,Argoverse2
09a73a3d-e3a0-49b2-a577-3e5f95e75b78,82.74516165157159,Argoverse2
09aeac1b-6b13-48fa-b45c-562393d9fdfe,74.3350022494793,Argoverse2
09b1a559-9938-40d8-ba88-9e641660c306,72.55730629066626,Argoverse2
09b1a966-5b68-4994-a1ec-e3e2c599657a,73.42516519228617,Argoverse2
09b1aecc-d00b-4203-a17f-a542c734526a,68.00668726563454,Argoverse2
09b5ea89-1fef-4ddd-998b-b58d1bdd5fc2,72.59759624481201,Argoverse2
09bcdfb8-8ee2-4390-911b-fa1982a8b676,74.69293616712093,Argoverse2
09c1554b-b4ed-4e00-816f-9f7d25085875,74.22074910859267,Argoverse2
09c1ab88-22cb-477b-9710-9433621a8a46,69.859527490139,Argoverse2
09c3f8ce-ad06-4e18-9355-f09efbcb396c,57.28140706738041,Argoverse2
09cd5812-b1eb-4fbf-9da0-b86f7bb12a7c,72.98439197222392,Argoverse2
09cf0ee5-0e27-4dbd-a60c-afe9eda269f8,69.25709579308827,Argoverse2
09cfd94e-37dc-4082-840b-be65ae266488,71.16836316188177,Argoverse2
09d1512b-a9e4-4f8e-88d4-930831f63bbb,70.61195757289727,Argoverse2
09d268a3-2549-4e42-9f12-28474e066bfe,74.40733510573705,Argoverse2
09d50dd3-dd30-41a4-b406-f1e04f18e873,68.81089869836966,Argoverse2
09d7bdd4-141d-4668-a522-2c343aa30481,77.55427451252937,Argoverse2
09d99b5f-88b2-41ce-9778-82fe0802dc62,70.65818244198958,Argoverse2
09dbb9bd-2689-4a23-a0ac-74165d7b911f,75.69157676895459,Argoverse2
09dd5536-f5af-4157-ae8d-e549df0602a7,72.6384988361597,Argoverse2
09de7f57-55c7-4126-a81f-002ac52138d5,69.63274267454942,Argoverse2
09e0d496-7fc0-4952-b60c-1b49a39d8c4d,58.13417357916863,Argoverse2
09e33b26-4471-4f15-b238-77ae947694fc,35.24703437481368,Argoverse2
09ea03f1-1bf7-462e-8996-ed7f1bd806ba,79.30368033071359,Argoverse2
09eba7b0-839b-460d-b97d-79d0b7451b77,72.30750118005163,Argoverse2
09f004a0-f36e-408a-86eb-382bd350f1f8,72.08286794741949,Argoverse2
09f44868-fe52-45f5-8a08-5a23598cdc76,68.5585168850422,Argoverse2
09f73a4a-80ba-47b3-a868-972f1ac3a8f4,69.16872911413509,Argoverse2
09f74e0c-ace1-477c-92e0-ef8c2c3b2a46,78.85028047680855,Argoverse2
0a0205ca-d352-43c2-a4ca-df71c634b91c,70.95987208445867,Argoverse2
0a028088-64cb-4446-88b5-53c409146669,70.38917281726997,Argoverse2
0a09b183-3553-4c85-9a12-976409e4aeab,77.41257875959077,Argoverse2
0a0ef009-9d44-4399-99e6-50004d345f34,47.55433320765554,Argoverse2
0a123c4b-64df-49bf-b237-585bc7922021,56.513044094283615,Argoverse2
0a15bd93-e345-4788-811f-4c98badaa9df,76.1509954782327,Argoverse2
0a1e6f0a-1817-4a98-b02e-db8c9327d151,73.34499274492264,Argoverse2
0a26a981-fcd0-4f3b-9c92-3f0f62332f00,46.58814534626202,Argoverse2
0a27a73f-51cf-4f21-907e-a49b99f25ce3,68.63177919685842,Argoverse2
0a2c19ce-b411-400a-ab56-8c40bc995ab1,74.07596490383148,Argoverse2
0a31b1be-cf10-47d9-b548-1f1efaf56d1f,43.394526542950416,Argoverse2
0a31c11a-768b-4be5-8a19-ed83a457545b,69.51355073054631,Argoverse2
0a340703-49e6-448a-a001-effabb605392,76.62067643006642,Argoverse2
0a3a794b-ce70-41af-80c3-8bbd828b7edf,74.16979350109895,Argoverse2
0a3f4a4b-7c3c-4c29-ae6d-edcaee524113,70.13080240368843,Argoverse2
0a3ffcba-a376-437c-96df-0bc7f9ee75e4,73.56502552986144,Argoverse2
0a410279-98d4-42ec-b915-36b4663a836f,69.54538018465041,Argoverse2
0a467944-f30d-4d79-80d4-7b0a895a0661,84.99517614404361,Argoverse2
0a46ace4-c288-4c88-914c-e96d2d3bf538,73.56025540113448,Argoverse2
0a47e232-1a34-430b-b164-d33ad038b240,71.57198956509431,Argoverse2
0a4afdb1-61fc-4c35-8415-33e892a200a6,70.49082802136739,Argoverse2
0a4b8545-8455-4710-ad74-e5f9bc2e9209,34.568856192231145,Argoverse2
0a4b8bdc-710a-410f-9cf0-ece902c369f8,72.33718393981457,Argoverse2
0a5d3ce9-3ecf-4fe6-a53a-e59e677f9fae,68.92436287105083,Argoverse2
0a5d6b39-3c15-411e-92c1-27940b25ebb1,70.7145958896478,Argoverse2
0a62d05f-14e0-4783-87df-34c0401617dd,71.00699559092521,Argoverse2
0a6d719c-5e28-4bc4-a438-c8b1e5bc859c,70.47189044157665,Argoverse2
0a711257-2bc5-4904-bf9f-95bc18ce068c,60.45520828018092,Argoverse2
0a71d43b-b42e-464d-8e95-273260877af3,68.81459931810696,Argoverse2
0a7322ac-64ef-4d1a-8a86-44f13e83dc9b,71.1256122493744,Argoverse2
0a749a7c-9ed5-4e29-9277-d08d9c87a5f7,72.86731641928354,Argoverse2
0a766395-aa70-4280-91fa-d635d011f617,70.68684036016464,Argoverse2
0a781398-cbbb-40a2-8ec3-260bb4282e4f,70.91820201655229,Argoverse2
0a7be20d-c35d-41c4-9d1a-adfb24ba1cc2,75.34784718394279,Argoverse2
0a7f1a34-e18f-4ca1-a486-2c52a1ba5e63,69.99135202089946,Argoverse2
0a823bc9-9721-4800-a243-ba333fd52d97,73.72361571828525,Argoverse2
0a82edb4-f5d2-4354-aba3-170c38809072,71.5305632575353,Argoverse2
0a89d190-39b9-4dc5-8945-645654b2352b,74.08714748620987,Argoverse2
0a8b9206-9f73-4f07-8503-85710db5f722,72.21187382684982,Argoverse2
0a8d6d78-703b-4aeb-b7d9-5c8bd8026f22,17.566760169374128,Argoverse2
0a8dd03b-02cf-4d7b-ae7f-c9e65ad3c900,76.96565912306309,Argoverse2
0a9507fa-eb72-4536-85c9-4ac2623d173c,75.28771924376487,Argoverse2
0a9b90a9-86df-4fd7-be37-89bb61543c28,77.10465068419774,Argoverse2
0a9bc052-83a8-4200-94bd-146ff15f4749,75.64975998004277,Argoverse2
0a9dec46-909e-4765-b34f-653adbcdc9cd,43.07560264963682,Argoverse2
0a9fab4a-9600-43b4-8382-fda698dab3fb,69.93889810244242,Argoverse2
0a9fb104-627e-4068-b9dd-2cb262fe1f4f,29.43888997549185,Argoverse2
0a9fdb1e-0fa9-4492-aa21-56b4085325e5,73.53486738006274,Argoverse2
0aa037f9-86f0-4341-995c-3748f40fd397,30.94314409994284,Argoverse2
0aa1ef63-59fa-49e2-b789-a6602a4d479d,73.50497673352558,Argoverse2
0aa2e55c-c1b0-4e0d-9a2f-e1b27f6a7e57,52.93606077841165,Argoverse2
0aa314c8-80df-4087-88d0-81f5546e2de0,74.80231155335903,Argoverse2
0aa35936-8a93-4174-8491-ee4b0bece920,70.70435191512108,Argoverse2
0aa3851c-1734-42ce-8193-866fc961529b,70.28702024598917,Argoverse2
0aa3ce49-67de-4950-b0d7-6caedef04a28,71.71062880277633,Argoverse2
5d68c91f0e19c0d9,68.17776408195495,Waymo
e9df548a3ee566c7,45.23296366822576,Waymo
6122fe9308a6dc0b,69.56655354738234,Waymo
fb1bf56bdfde8fcf,90.77715184022983,Waymo
dd696a40788e0714,78.45526400645574,Waymo
fd411887f2bc1d23,69.33062546590965,Waymo
bcf3241e27b59b80,68.16465257823468,Waymo
83ee8603da12488a,69.61545229554176,Waymo
a7178dd1fe502412,68.36382232348124,Waymo
afa3b378617c3d91,68.34450591027736,Waymo
42d39f9377b40c2f,17.54246828703029,Waymo
83d8b54e36003b1c,70.11020311713219,Waymo
470e34a01507f8b7,68.35949206928412,Waymo
c79871e0c8543261,68.46270289301873,Waymo
c0cc629ec62ea874,75.22332079509894,Waymo
24cb080397ab2a82,68.40069761951764,Waymo
b9e482dcb539d3c0,61.42725202343187,Waymo
e1d2184327703edd,68.10288012067477,Waymo
e041463e79d8e156,69.3838129991293,Waymo
a36eed5038439834,69.25963268736999,Waymo
50dc97736fe84d0c,70.28994847577681,Waymo
ca6bbc11eecad0b9,68.38992154359818,Waymo
6de405bcb73f4499,68.2715073466301,Waymo
85854001f041a3e7,41.47328334936885,Waymo
6096f098e044da4a,23.49495819821309,Waymo
ed113a1f9f720267,15.354261309328876,Waymo
2dfc9b44472687e5,86.9156829244624,Waymo
ab2098824b5ad240,69.43670123418173,Waymo
6345d775ff78ae3c,71.2416939944029,Waymo
5ba86a44eee67694,68.4730831762155,Waymo
a844f65e7183e9e6,75.47554091393948,Waymo
689ed8ffbc9243f2,69.89549926241239,Waymo
b6e95acbf4cfb49f,47.08356845020308,Waymo
d0a6cd4271a87b59,78.76952459434669,Waymo
b161571a362c5e00,68.57914869427681,Waymo
23e64af0cc14a40a,53.65006651144406,Waymo
6571d61335ee8651,68.03772352218628,Waymo
6daf0f2e06d9049d,71.90245353500049,Waymo
a52fa09b39825632,68.47584581871827,Waymo
ff47f743b1a475dc,90.464505507946,Waymo
f73a9362b09347f6,36.58550296008426,Waymo
3dc846864bf3c0be,68.03461901525655,Waymo
6082ea67547c21c3,69.1909941649437,Waymo
c9aad06b6bd6659c,86.42901084184646,Waymo
d3051b06c98d78dc,77.59416925907135,Waymo
875be684497b2cdc,68.36195198595524,Waymo
16adef60bcaf35af,56.79784857688548,Waymo
100d033b60683a9f,74.85401430368424,Waymo
6221ec0b94e4094a,69.53647144635518,Waymo
d580de33dd150084,68.29475669999918,Waymo
94dd91f0988b75ab,69.2367605137825,Waymo
edc0e54ba5f0c7ea,69.40233964443206,Waymo
dc6259db1bab8741,48.95409156243494,Waymo
ae18ab8e2083b098,68.55229821364085,Waymo
ca282f390be4ad35,68.01290457248687,Waymo
2b42e0fe0d6877f7,71.34189059734344,Waymo
20cd9aa56813cd24,71.29610687851905,Waymo
ffcfb04d40ae730f,68.56190384089946,Waymo
44b99a866765871c,42.14085345729025,Waymo
e8eb4c728264b6a,76.00422418355942,Waymo
4ed5acf73e8d09c6,82.88090435485044,Waymo
320b84ee9ca6b5bc,70.5841793370247,Waymo
c9abaaca8831f688,74.40090279181798,Waymo
612d2ebd72294a1d,68.76114240705967,Waymo
68cc5710df1e832f,67.83332948207855,Waymo
46d86bd34b2f4115,69.45690031210582,Waymo
4df2e8c14ea3df44,68.33133201221625,Waymo
c0366e1edf79735e,79.34317536950111,Waymo
a70d20e4d51186cb,68.34163431584835,Waymo
66b761fce993a87e,74.91598430097103,Waymo
65a8d60df650e3d4,68.30767291665077,Waymo
909244b878c6c203,68.17389169315497,Waymo
a2ef5cdc92bb6e0b,70.24246000051498,Waymo
678696976c1121ef,70.4665915775299,Waymo
8bf986aa4d87ec25,68.18339085062345,Waymo
c172d39de129206,71.23864304522674,Waymo
b5b2f3ad2594e5ab,68.13100289463996,Waymo
87297630cb1b4919,67.16005531351313,Waymo
b6f82b27427a175e,72.44555717806021,Waymo
3dc120c575c0d929,69.47993624468644,Waymo
5cf52aef9304e7bd,69.42752043902874,Waymo
fe24786f3e26401e,68.63312773923079,Waymo
2bae71dfa12b544,71.1272499871254,Waymo
4ee5cfc7d80be1c5,68.38582926551501,Waymo
da6536d4d1a2b180,68.75358344515165,Waymo
dc06516adb9a602c,85.0136486769716,Waymo
5b788f5d4a51e108,77.4777008986473,Waymo
83f0a9d73b0164ab,61.97507190148868,Waymo
7b4e38d6aaf25b29,68.44519510010878,Waymo
ca88919d2ba88d19,68.2876195426782,Waymo
b3571d47ebd0f177,67.99581123987835,Waymo
771b5bef1243776f,68.62771765887737,Waymo
cd9e098372fe9d9,68.17664790153503,Waymo
ff10387420552e04,67.77538668394088,Waymo
e03cd186eaa8264,73.2420067258676,Waymo
a5c442237e79e506,50.74489672378968,Waymo
8b60afa6f94474ce,81.53956607341766,Waymo
93692dfd0ae55d61,68.21902735233307,Waymo
29cd2aca8ae5e222,61.14788817431784,Waymo
bf4c00b4994308c3,70.28922326485316,Waymo
e6621f8cf1e599f1,68.75356681545574,Waymo
950e6d58e57ffb9f,68.63757851223151,Waymo
c631ff85aa77ebf6,68.41428430497646,Waymo
183215f21a599f3c,67.97300406813622,Waymo
72329009b59f46d3,69.97379579146703,Waymo
c8141ae187217d46,38.08736559118117,Waymo
2dbeb8e410ba738a,63.53976241412164,Waymo
6f20fc084d0a0905,70.67193129579226,Waymo
bf4eac66619c5361,70.99670059800147,Waymo
81ea4bf2b5c0d9df,68.57999351263047,Waymo
3164481f36e9470e,69.49593246757983,Waymo
8fe5b513bb8db558,68.80530825813611,Waymo
56d5910f551af2e0,83.49389416853587,Waymo
a3abe4c4428934e7,69.50754406352837,Waymo
e3370a399d5e36bb,72.5906244534254,Waymo
32df8d0d45e5316b,68.23263442635536,Waymo
9d79c94d87d1dfac,67.76182072401046,Waymo
1f801f88ea437192,75.02497959891954,Waymo
ed69edb6e7dd6d3a,68.1178934844335,Waymo
72cbe0396d0c66a3,63.256611300731215,Waymo
bcf061ce265c93bd,68.82718263665835,Waymo
de0e76120fbdaceb,68.3293339129289,Waymo
557a21b779b91b06,68.45928342501323,Waymo
5be578ca8889a615,59.35853050463018,Waymo
436760ae48488a68,44.55308836102656,Waymo
1cef9d9269a0e2af,37.31511599036478,Waymo
4952b5e24d0b5097,79.90688670297463,Waymo
235ae3e9c6e7b472,68.92098844528198,Waymo
4b303295e2a90e4e,72.67574374139309,Waymo
df7b043ae064049a,68.26553527593613,Waymo
f5ce8eaa5d508a55,68.13142600893973,Waymo
d3d6a67b3a7ce103,42.42447574752932,Waymo
a92eb3edcb77986f,67.97158498842538,Waymo
61ce520980e251b8,70.66168771584829,Waymo
c0ff0b3e7fac786f,72.02072519262632,Waymo
d54c4d9677678340,85.9899103709062,Waymo
d5f76ef896d1f3df,69.88690087894598,Waymo
d49610efb9be74d0,70.74798833827178,Waymo
15ff443b8e811c07,68.62755357940992,Waymo
eb01eaf334bc6d68,67.9539234995842,Waymo
c03fd3d7eed6515d,37.85255865863486,Waymo
27609a9cb91b1886,68.15752956668535,Waymo
22391e17bf76cf0,70.34151046832402,Waymo
4e0b0d6931cbc1f4,68.52214140474797,Waymo
792a0e054c4f287f,68.18801138063272,Waymo
24df760c72a84288,71.23025572180748,Waymo
20591e4c9b3ea136,91.28694531142712,Waymo
e0c2ca2b26f1eaa,68.56367179115612,Waymo
9c91c1375f2aceff,68.06911015113195,Waymo
78a415dcc9af404e,67.97878018418947,Waymo
91bde4889458f7c7,68.26304235001406,Waymo
aee334679ce18f05,68.07803179224332,Waymo
343a76a6b890e30c,68.73763197859128,Waymo
7f200bc263093b19,70.31858084162077,Waymo
29149e563bc7f85,73.46964834014575,Waymo
6bd10325f68a1ced,71.82488590657711,Waymo
4ee99609e5dc08cb,93.94605078101158,Waymo
96043d9ac0b0ca08,68.4792820463578,Waymo
d852d932d16fda96,81.67897239526113,Waymo
970519a200ab63f9,69.48616853237152,Waymo
225c5f10b1809087,39.66758729477363,Waymo
38c3ea25581a3d3c,69.13725359042485,Waymo
6f36945784b4da70,80.81431120038033,Waymo
94606f5988cbc426,83.16289122104645,Waymo
5fe47c474d826287,92.9798864030838,Waymo
95b45496aa3a9311,68.47368523279826,Waymo
3c1ceba1e447adb6,70.83178439670839,Waymo
a3258e120feb7cb3,68.21122730930647,Waymo
3b7946966feb4ca5,75.30296016252964,Waymo
7da862cde3e86a36,24.452547965965408,Waymo
c8a125c47438064e,79.62068631927173,Waymo
5d6483a2ef59dce2,67.68925887227059,Waymo
224ec46034104f25,70.5138741950194,Waymo
ef2c1c5154f1fe1f,69.95029289841652,Waymo
e224c3ebce40ac2f,68.44469933589299,Waymo
fa2346fff6396eae,70.40738945742449,Waymo
3f5b9a396323a855,68.10421869516372,Waymo
d1d419000f835217,70.94589731077353,Waymo
7fa508d2dd19dfd0,32.015935373755376,Waymo
85ead8a2d5d043ac,68.4038159686327,Waymo
4ca4a163910e2d72,57.1415337306002,Waymo
dde0a60f55b9c1ed,68.15325718124707,Waymo
230fee8590dc93f2,32.884349816190564,Waymo
46ef4e7b21fa75cc,68.59701636016369,Waymo
c17adb08cb6a441c,70.18558473189671,Waymo
299e0f6c95ecbd53,74.74149547894797,Waymo
59b84237e5a9ac4e,68.33325242777354,Waymo
f105f54f9b78c047,68.90313507576784,Waymo
f5c82914894f124a,67.87707763671875,Waymo
2597e11f6b20dcaf,74.08236628770828,Waymo
8d18e4fa079708bb,93.4666472359995,Waymo
5dc5b1dd608d1fa,70.46600871920586,Waymo
37bd048ada0bfb1d,68.79579780300458,Waymo
9f9a4bfc99a45bfe,69.27469701568285,Waymo
28195cd3eeda0440,68.24380880594254,Waymo
c0fe43a274ad29,76.35433681984742,Waymo
64dbee60264d7fc6,79.36431950648625,Waymo
776a6b19b32f984f,68.87141310671964,Waymo
9722058f8bd53ac2,71.67099973261357,Waymo
2e25e5a41a0df126,74.24620304663976,Waymo
957c1d9be5873b42,68.51502190828323,Waymo
45aca58dfcee6281,85.8624230047067,Waymo
f8e4e4d9b0ac56fa,68.16837489724159,Waymo
6c8deaf33f7ea2a,77.77928893983363,Waymo
3d2c3751686f2983,71.39147710998853,Waymo
832d68571a25849d,68.0741958173116,Waymo
9055cac6a4b5ce9b,67.57840668082238,Waymo
f1efdea98039820e,56.17139138919065,Waymo
f18e9c8669fb746e,79.19359732468922,Waymo
7c3ef9d47961f3e3,68.32077113091945,Waymo
8fa09f913636679b,68.00577269077301,Waymo
c496e048d415a2e7,68.25989602565765,Waymo
5b144bc0ea5d64b1,78.23109203338623,Waymo
a5434074d5223ad9,67.95622015794119,Waymo
3e215b2c6b8c7e68,68.07768567800522,Waymo
84f4e2b78710c645,68.03033070464929,Waymo
a8724615eb234bcc,45.48932673668483,Waymo
73dfa3cc094d76e6,68.29097752571106,Waymo
36a0338e93599c36,63.42521119448731,Waymo
1c0f158da57cac6b,66.4924238034549,Waymo
ab77ab9c73b01ee8,71.61277924080689,Waymo
f474d68cd9e1cacf,69.58299601634343,Waymo
18c6befb0691fa36,68.14999975860118,Waymo
73322c196bd5c95f,68.52226809978485,Waymo
9253faf6b402373a,68.34136842747529,Waymo
fd1d18a6f2819730,70.88331326067447,Waymo
6535e18db3cbe88,78.88764102419216,Waymo
841503bf38de596c,80.17527164469226,Waymo
1643b5afdee108a6,71.81058081785838,Waymo
f14a06b3c23009e8,75.03137225687504,Waymo
5ca47cc494eb658a,48.83939833062101,Waymo
da53ef2ac9858dc1,68.6189395737648,Waymo
ebb70d9adc4eaf84,73.73203755219777,Waymo
fee47a70c7b35dfe,68.14632032970657,Waymo
f44e2937e4751ddb,71.0892690829436,Waymo
b5cb3d8899d9de61,71.29858461022377,Waymo
dd5bb937753a00c,69.31871492862702,Waymo
3d0c50614da0d746,70.33831975460052,Waymo
7c90e292f9e3921f,68.38998733957608,Waymo
41de798d4c33c417,69.63567697167396,Waymo
125635eaf838cbf4,58.6887985928192,Waymo
f97dc96eec239312,75.14545395274958,Waymo
f9631b5941826969,46.6070460425378,Waymo
74393b5254d1775d,67.79045321941376,Waymo
d1ba760bde3a845c,40.22269150890357,Waymo
f56232a3e86ea498,77.15342905362446,Waymo
18b0551412e729be,36.041351503741566,Waymo
51eb50b3fdd2751e,68.47482674916586,Waymo
dd42cbb48a1a6223,67.94956770618757,Waymo
1e2ba71712cd2b44,72.38223856449126,Waymo
685abaac09024d33,68.52321122090021,Waymo
2734a0bafb479738,64.97774127387686,Waymo
a9342cb43d147e6b,68.47534355600675,Waymo
d0c160f345aae20b,68.91744597494602,Waymo
ff3dd355b8d478ef,62.92124121933264,Waymo
a3fc1acb6d5957af,73.43705966234207,Waymo
9ee3d47c2146d929,68.43620129028956,Waymo
1eb758c2fa3b40c5,68.3241281880935,Waymo
517f356176cabc05,67.82845944166182,Waymo
a8528e913dbea422,74.51445692360402,Waymo
99158cd81e06196b,60.846303158052976,Waymo
b33b3840ae03b687,70.10504630804061,Waymo
9413350f0d3903e5,50.649659004410495,Waymo
641250a0821152,72.4784051144123,Waymo
792ec965d5597293,69.13025936722755,Waymo
29a83bd8b849f819,68.3256563238303,Waymo
af520e9216bbe575,70.94446475545566,Waymo
da0a7f08f4f71419,68.51554613788922,Waymo
a63dae86b8efdeeb,71.63875079949698,Waymo
66da080ed2639ca9,68.93128356556097,Waymo
f14ea608956a8e97,70.47970795551936,Waymo
f445cb876402f3a4,68.0162877714634,Waymo
a1ea7e7662190dbb,70.16242136001587,Waymo
5b0285b3d5b0c364,74.24692103323416,Waymo
7564597bae861990,71.711771556139,Waymo
3966b320577bf060,70.3443663161993,Waymo
785cf97d726c0fc9,68.0941157190005,Waymo
baeb49940b86702d,68.05138762593269,Waymo
e60769b5e45df36,72.98628950595855,Waymo
dacdcc3006b194fb,72.27631927728653,Waymo
dec74a9aa13071a4,70.26346164206664,Waymo
38e9cd24ea9fc902,76.36090828458468,Waymo
cca30bb945d7d86f,68.99094494581222,Waymo
182178f3d3683ef6,69.76638166507085,Waymo
e892d4c5afd681d0,69.05760776976744,Waymo
59833d3b32b5e23b,71.46366104364394,Waymo
