scenario_id,source,vehicles,pedestrians,cyclists,mean_speed,max_speed,min_vru_distance,near_miss,safedriver_iq_score,final_safety_score,crash_probability,intervention_level,env_multiplier,trajectory_risk,vru_risk
5d68c91f0e19c0d9,waymo,31,0,0,9.528761236979289,13.907780229660865,inf,0,54.13,68.17776408195495,31.822235918045052,advisory,0.9587,0.995793342590332,0.0
e9df548a3ee566c7,waymo,22,1,4,0.4988126688468861,1.1540364948095925,3.7549558609320317,0,54.51,45.232963668225764,54.767036331774236,intervention,0.9549000000000001,0.8225929737091064,0.44900882781359364
6122fe9308a6dc0b,waymo,53,1,0,15.675248630082018,15.753083379160739,36.527530933803256,0,54.26,69.56655354738234,30.43344645261766,advisory,0.9574,0.9536279439926147,0.0
fb1bf56bdfde8fcf,waymo,39,1,3,0.14879005515457122,1.7307228387366849,6.2575894297579495,0,53.53,90.77715184022983,9.222848159770166,silent,0.9647,0.2868098318576813,0.0
dd696a40788e0714,waymo,15,1,0,3.466608163017915,8.494730896141713,62.356665582172674,0,54.26,78.45526400645574,21.544735993544265,silent,0.9574,0.6751013994216919,0.0
fd411887f2bc1d23,waymo,38,0,0,0.17340931004616827,0.4545987679359412,inf,0,54.13,69.33062546590965,30.669374534090352,advisory,0.9587,0.9597175717353821,0.0
bcf3241e27b59b80,waymo,49,1,1,12.931396473850382,15.811239566707936,30.656035308203993,0,53.79,68.16465257823468,31.83534742176532,advisory,0.9621,0.9926831126213074,0.0
83ee8603da12488a,waymo,122,5,0,8.457049995463487,10.600159146474578,28.212749425466964,0,53.9,69.61545229554176,30.384547704458242,advisory,0.9610000000000001,0.948529064655304,0.0
a7178dd1fe502412,waymo,54,1,0,0.005965639296113342,0.06930567126803673,46.8118085815332,0,54.26,68.36382232348124,31.636177676518756,advisory,0.9574,0.9913153648376465,0.0
afa3b378617c3d91,waymo,25,2,0,19.958550251155717,20.179730326150167,50.077777668080714,0,54.41,68.34450591027736,31.655494089722637,advisory,0.9559,0.9934771656990051,0.0
42d39f9377b40c2f,waymo,30,1,0,0.0014149895664995998,0.008450230712391166,2.02630069088914,1,54.26,17.54246828703029,82.45753171296971,emergency,0.9574,0.9943159222602844,0.7947398618221719
83d8b54e36003b1c,waymo,35,4,0,0.0006412166821495467,0.001896683938972368,17.69177118337167,0,53.9,70.11020311713219,29.889796882867813,advisory,0.9610000000000001,0.9330841898918152,0.0
470e34a01507f8b7,waymo,22,0,0,10.296925905056344,11.217773938832112,inf,0,54.13,68.35949206928412,31.640507930715884,advisory,0.9587,0.9901066422462463,0.0
c79871e0c8543261,waymo,117,9,1,14.770968247538516,15.74590635563057,42.64758107666766,0,52.98,68.46270289301873,31.53729710698127,advisory,0.9702,0.9751792550086975,0.0
c0cc629ec62ea874,waymo,65,13,0,0.0006668765175276108,0.0017982394866188063,35.195986838828674,0,53.45,75.22332079509894,24.776679204901058,advisory,0.9655,0.769860565662384,0.0
24cb080397ab2a82,waymo,53,2,0,0.01409177514095179,0.1359087861722222,33.54954996738051,0,54.41,68.40069761951764,31.599302380482357,advisory,0.9559,0.9917136430740356,0.0
b9e482dcb539d3c0,waymo,25,16,1,0.0006670426847569949,0.0015869601861741123,5.000032222487476,0,52.98,61.42725202343187,38.57274797656813,advisory,0.9702,0.9527333974838257,0.11999613330150295
e1d2184327703edd,waymo,36,0,0,6.74756248356706,9.464921078749398,inf,0,54.13,68.10288012067477,31.89711987932523,advisory,0.9587,0.9981366395950317,0.0
e041463e79d8e156,waymo,84,1,1,10.455327005065307,14.833677306448743,48.147724160349696,0,53.79,69.3838129991293,30.616187000870696,advisory,0.9621,0.9546675086021423,0.0
a36eed5038439834,waymo,84,1,8,7.180187044937431,11.88200633880863,8.582205126989724,0,55.03,69.25963268736999,30.740367312630013,advisory,0.9497,0.9710550904273987,0.0
50dc97736fe84d0c,waymo,42,5,1,8.95483777081276,11.66455491530148,5.678472379235243,0,53.43,70.28994847577681,29.71005152422319,advisory,0.9657,0.803993821144104,0.059482609841479975
ca6bbc11eecad0b9,waymo,45,2,0,5.901030294952013,7.283920754071519,67.97220993630482,0,54.41,68.38992154359818,31.610078456401823,advisory,0.9559,0.9920518398284912,0.0
6de405bcb73f4499,waymo,48,5,0,8.697045891028948,11.362779518223471,65.7640002167178,0,53.9,68.2715073466301,31.728492653369898,advisory,0.9610000000000001,0.9904836416244507,0.0
85854001f041a3e7,waymo,26,4,4,3.1431635942425924,8.538333034597755,3.2386843346255993,0,54.58,41.47328334936885,58.52671665063115,emergency,0.9541999999999999,0.7355507612228394,0.5522631330748802
6096f098e044da4a,waymo,41,2,4,3.3486433226023453,5.164586618147764,2.4600172296719323,2,54.66,23.49495819821309,76.50504180178692,emergency,0.9534,0.9913398623466492,0.7079965540656136
ed113a1f9f720267,waymo,72,14,7,0.0032352993699375663,0.01231367585390656,1.8228711024702813,2,54.65,15.354261309328876,84.64573869067112,emergency,0.9535,0.9923599362373352,0.8354257795059438
2dfc9b44472687e5,waymo,24,1,0,0.000736079804829967,0.00213315524067291,5.354306881401262,0,54.26,86.9156829244624,13.084317075537598,silent,0.9574,0.15171806514263153,0.12913862371974752
ab2098824b5ad240,waymo,44,2,2,15.391741151072234,15.755991171978566,10.771912394494443,0,53.68,69.43670123418173,30.563298765818274,advisory,0.9632000000000001,0.9519299864768982,0.0
6345d775ff78ae3c,waymo,12,2,0,8.776932756301864,16.106735007772826,64.1549043054323,0,54.41,71.2416939944029,28.758306005597106,advisory,0.9559,0.9025517106056213,0.0
5ba86a44eee67694,waymo,65,5,4,1.2119238365871223,5.97917432208183,24.50853187622947,0,54.58,68.4730831762155,31.526916823784504,advisory,0.9541999999999999,0.9912046790122986,0.0
a844f65e7183e9e6,waymo,27,2,0,1.3910527831311807,4.795350786188951,62.95199631031826,0,54.41,75.47554091393948,24.524459086060517,advisory,0.9559,0.7696765065193176,0.0
689ed8ffbc9243f2,waymo,52,2,0,0.34742100050203656,1.6129633903322584,59.45377255350474,0,54.41,69.89549926241239,30.104500737587614,advisory,0.9559,0.9448007345199585,0.0
b6e95acbf4cfb49f,waymo,55,2,5,2.954974046957444,6.77782309231664,2.779131982225716,0,54.66,47.08356845020308,52.91643154979692,intervention,0.9534,0.9887036681175232,0.33819114186629995
d0a6cd4271a87b59,waymo,13,0,0,5.83624928526628,7.143813308273469,inf,0,54.13,78.76952459434669,21.23047540565331,silent,0.9587,0.6643519997596741,0.0
b161571a362c5e00,waymo,111,1,1,19.02068900389269,20.178101746079957,28.734035428365807,0,53.79,68.57914869427681,31.42085130572319,advisory,0.9621,0.9797583818435669,0.0
23e64af0cc14a40a,waymo,25,62,5,0.021778056086800435,0.302944177591718,4.634332453026068,0,54.13,53.65006651144406,46.34993348855594,intervention,0.9587,0.9041324853897095,0.2731335093947864
6571d61335ee8651,waymo,64,5,1,19.0951500415242,20.04857374911597,21.322442677281863,0,53.43,68.03772352218628,31.962276477813717,advisory,0.9657,0.9929256439208984,0.0
6daf0f2e06d9049d,waymo,36,0,0,1.8754644315623177,4.269321098854527,inf,0,54.13,71.90245353500049,28.09754646499951,advisory,0.9587,0.8792389631271362,0.0
a52fa09b39825632,waymo,120,7,0,4.596919134997342,5.67640812619204,51.01503836037033,0,53.45,68.47584581871827,31.52415418128173,advisory,0.9655,0.9795179963111877,0.0
ff47f743b1a475dc,waymo,1,1,0,2.3602973363688857,7.157913079087004,22.319126706407783,0,54.26,90.46450550794601,9.535494492053985,silent,0.9574,0.2987934350967407,0.0
f73a9362b09347f6,waymo,23,1,2,0.4944389441840857,2.535092785885856,2.3138469556065124,1,53.53,36.58550296008426,63.41449703991574,emergency,0.9647,0.4975869953632355,0.7372306088786975
3dc846864bf3c0be,waymo,62,2,1,12.37886140929621,13.513595204113269,56.1671641618816,0,53.51,68.03461901525655,31.965380984743447,advisory,0.9649000000000001,0.9938454031944275,0.0
6082ea67547c21c3,waymo,16,1,0,5.062188686694177,13.189698743938992,66.30417359237806,0,54.26,69.1909941649437,30.809005835056297,advisory,0.9574,0.9653960466384888,0.0
c9aad06b6bd6659c,waymo,25,3,0,1.902880487924236,4.878527186737485,34.79914860506029,0,52.68,86.42901084184646,13.570989158153537,silent,0.9732000000000001,0.4183412194252014,0.0
d3051b06c98d78dc,waymo,53,5,3,6.612265466734234,12.261018443072306,23.290593386233873,0,53.6,77.59416925907135,22.40583074092865,silent,0.964,0.6972768902778625,0.0
875be684497b2cdc,waymo,104,2,0,15.741157678519853,16.080634043967894,38.7608807246691,0,54.41,68.36195198595524,31.638048014044756,advisory,0.9559,0.9929296374320984,0.0
16adef60bcaf35af,waymo,51,17,1,0.4584122186743851,4.123263980192061,4.46130930743446,0,52.98,56.79784857688548,43.20215142311452,intervention,0.9702,0.7511711120605469,0.2923512315874526
100d033b60683a9f,waymo,28,7,1,3.5191214548865104,7.221321454995518,29.78797512104245,0,52.98,74.85401430368424,25.145985696315762,advisory,0.9702,0.7775505781173706,0.0
6221ec0b94e4094a,waymo,28,5,3,0.0005464780260701323,0.0014834547802822786,19.119852102199072,0,53.6,69.53647144635518,30.46352855364482,advisory,0.964,0.9480351209640503,0.0
d580de33dd150084,waymo,34,0,0,15.600547566891064,16.4195908650272,inf,0,54.13,68.29475669999918,31.705243300000816,advisory,0.9587,0.9921323657035828,0.0
94dd91f0988b75ab,waymo,20,0,0,0.5934091692490231,2.8061621515219373,inf,0,54.13,69.2367605137825,30.7632394862175,advisory,0.9587,0.9626548290252686,0.0
edc0e54ba5f0c7ea,waymo,34,8,1,0.6624264997886903,2.9763170599116666,16.669181107321947,0,52.98,69.40233964443206,30.59766035556794,advisory,0.9702,0.9461243152618408,0.0
dc6259db1bab8741,waymo,30,2,2,0.0005365346399355609,0.0012523996133264415,2.525057862974167,0,53.68,48.95409156243494,51.04590843756506,intervention,0.9632000000000001,0.19990816712379456,0.6949884274051665
ae18ab8e2083b098,waymo,121,1,0,11.929163772597846,13.053390489163837,67.55302776631193,0,54.26,68.55229821364085,31.447701786359147,advisory,0.9574,0.9854094982147217,0.0
ca282f390be4ad35,waymo,25,0,3,0.5088509035231651,0.9019449138729517,13.538161781627318,0,53.4,68.01290457248687,31.987095427513125,advisory,0.966,0.9933880567550659,0.0
2b42e0fe0d6877f7,waymo,23,5,0,0.0005095462874862873,0.0011666722182782302,38.379039981339574,0,53.9,71.34189059734344,28.658109402656564,advisory,0.9610000000000001,0.8946340084075928,0.0
20cd9aa56813cd24,waymo,58,14,1,3.7362719273427,9.117611208072656,36.724167409203396,0,52.98,71.29610687851905,28.703893121480945,advisory,0.9702,0.8875662684440613,0.0
ffcfb04d40ae730f,waymo,89,2,0,5.277098224885496,11.527857669875946,72.40670669224846,0,54.41,68.56190384089946,31.43809615910054,advisory,0.9559,0.9866543412208557,0.0
44b99a866765871c,waymo,34,0,2,2.630303862951895,6.45370105453082,2.1767699263320033,1,53.83,42.14085345729025,57.85914654270975,emergency,0.9617,0.2756101191043854,0.7646460147335994
e8eb4c728264b6a,waymo,38,3,0,7.937266985986977,12.626764289534092,55.54051536857514,0,52.68,76.00422418355942,23.995775816440585,advisory,0.9732000000000001,0.7396971583366394,0.0
4ed5acf73e8d09c6,waymo,13,0,0,6.860108968342473,8.854078823692527,inf,0,54.13,82.88090435485044,17.119095645149557,silent,0.9587,0.5356971621513367,0.0
320b84ee9ca6b5bc,waymo,81,4,1,12.897429266041462,15.75272981685537,11.666997601606795,0,53.43,70.5841793370247,29.415820662975307,advisory,0.9657,0.9138185977935791,0.0
c9abaaca8831f688,waymo,112,12,3,0.0006570792116895863,0.0018361476714443452,21.578390169940498,0,53.15,74.40090279181798,25.599097208182016,advisory,0.9685,0.7929508686065674,0.0
612d2ebd72294a1d,waymo,64,58,5,1.210358082163489,2.8086047981557685,15.298057385814447,0,54.13,68.76114240705967,31.238857592940334,advisory,0.9587,0.9775380492210388,0.0
68cc5710df1e832f,waymo,44,3,3,6.388116666986474,7.432354545242001,47.978756822794125,0,52.38,67.83332948207855,32.166670517921446,advisory,0.9762,0.9885270595550537,0.0
46d86bd34b2f4115,waymo,66,1,0,0.0006461840033823416,0.0022492417124688057,49.826281451894296,0,54.26,69.45690031210582,30.543099687894184,advisory,0.9574,0.9570639133453369,0.0
4df2e8c14ea3df44,waymo,25,0,0,4.571453627811806,10.582482401810413,inf,0,54.13,68.33133201221625,31.66866798778375,advisory,0.9587,0.9909878373146057,0.0
c0366e1edf79735e,waymo,39,4,4,6.154964164653292,7.512521736776395,30.563968852549362,0,54.58,79.34317536950111,20.65682463049889,advisory,0.9541999999999999,0.6494495272636414,0.0
a70d20e4d51186cb,waymo,39,2,0,11.88097465686697,14.703929071849311,41.19440606568817,0,54.41,68.34163431584835,31.658365684151647,advisory,0.9559,0.9935672879219055,0.0
66b761fce993a87e,waymo,28,3,1,2.8066987761056557,10.199287867199866,21.10339828222448,0,52.21,74.91598430097103,25.084015699028967,advisory,0.9779,0.769527018070221,0.0
65a8d60df650e3d4,waymo,21,0,0,8.626938558964499,13.895842083906155,inf,0,54.13,68.30767291665077,31.692327083349227,advisory,0.9587,0.9917281866073608,0.0
909244b878c6c203,waymo,43,0,0,13.676406516269617,14.50519990271563,inf,0,54.13,68.17389169315497,31.82610830684503,advisory,0.9587,0.9959145188331604,0.0
a2ef5cdc92bb6e0b,waymo,35,1,0,0.001195451666807647,0.006673997560200135,51.274298197392895,0,54.26,70.24246000051498,29.75753999948502,advisory,0.9574,0.9324485063552856,0.0
678696976c1121ef,waymo,52,20,4,0.00158708264614848,0.042788750899948894,12.012139429565327,0,54.13,70.4665915775299,29.533408422470103,advisory,0.9587,0.9241704940795898,0.0
8bf986aa4d87ec25,waymo,6,2,0,18.513492945932455,24.507918599668873,46.752866439388754,0,54.41,68.18339085062345,31.816609149376546,advisory,0.9559,0.9985336065292358,0.0
c172d39de129206,waymo,27,11,0,0.23393038891986076,2.2643254449727954,29.654281933552873,0,53.45,71.23864304522674,28.761356954773262,advisory,0.9655,0.8936724066734314,0.0
b5b2f3ad2594e5ab,waymo,62,9,1,1.3415453488997424,3.1380098529131315,16.320336859038672,0,52.98,68.13100289463996,31.868997105360037,advisory,0.9702,0.9854359030723572,0.0
87297630cb1b4919,waymo,64,5,2,0.0005781713114559215,0.0016134030011135648,5.87073494079188,0,53.6,67.16005531351313,32.839944686486874,advisory,0.964,0.9948443174362183,0.013572831216852642
b6f82b27427a175e,waymo,53,7,0,3.094294659638257,9.260924237236905,29.515773814290732,0,53.45,72.44555717806021,27.554442821939787,advisory,0.9655,0.856171190738678,0.0
3dc120c575c0d929,waymo,37,0,0,0.9002527724208406,2.306249553042712,inf,0,54.13,69.47993624468644,30.520063755313558,advisory,0.9587,0.9550452828407288,0.0
5cf52aef9304e7bd,waymo,41,4,1,17.91916070380345,17.995947269768717,27.704315818017164,0,53.43,69.42752043902874,30.57247956097126,advisory,0.9657,0.9497508406639099,0.0
fe24786f3e26401e,waymo,79,2,0,10.586874147659133,19.509950498175513,42.14758360006468,0,54.41,68.63312773923079,31.366872260769213,advisory,0.9559,0.984419047832489,0.0
2bae71dfa12b544,waymo,42,3,0,5.97893727098706,6.5507771451513745,60.18107946047094,0,52.68,71.1272499871254,28.872750012874604,advisory,0.9732000000000001,0.8900354504585266,0.0
4ee5cfc7d80be1c5,waymo,5,0,0,5.291394580136586,10.71438585609685,inf,0,54.13,68.38582926551501,31.614170734484986,advisory,0.9587,0.989282488822937,0.0
da6536d4d1a2b180,waymo,37,30,10,0.6956646539637594,0.9157260248307151,26.9499373348097,0,54.65,68.75358344515165,31.246416554848352,advisory,0.9535,0.9831069707870483,0.0
dc06516adb9a602c,waymo,42,0,0,11.197957539148675,11.228537710261746,inf,0,54.13,85.0136486769716,14.986351323028401,silent,0.9587,0.4689585268497467,0.0
5b788f5d4a51e108,waymo,34,3,0,0.0009393390727683361,0.0035817302055804667,30.371845508190727,0,52.68,77.4777008986473,22.5222991013527,advisory,0.9732000000000001,0.6942755579948425,0.0
83f0a9d73b0164ab,waymo,40,10,8,6.677866408529734,7.3293083547800055,5.159156004326388,0,54.65,61.975071901488676,38.024928098511324,advisory,0.9535,0.8768587708473206,0.1597603591779862
7b4e38d6aaf25b29,waymo,33,0,0,0.0005868740494346736,0.001535917414089524,inf,0,54.13,68.44519510010878,31.554804899891224,advisory,0.9587,0.9874247908592224,0.0
ca88919d2ba88d19,waymo,35,0,0,6.32160922701371,11.16304759745042,inf,0,54.13,68.2876195426782,31.7123804573218,advisory,0.9587,0.9923557043075562,0.0
b3571d47ebd0f177,waymo,103,4,3,4.877163738566991,13.479551870857234,50.040560759235476,0,53.6,67.99581123987835,32.00418876012165,advisory,0.964,0.995980978012085,0.0
771b5bef1243776f,waymo,103,20,3,0.0005920630572039872,0.0014767236862412297,22.742667175678854,0,53.15,68.62771765887737,31.372282341122627,advisory,0.9685,0.9717795252799988,0.0
cd9e098372fe9d9,waymo,59,3,0,2.9878586851165148,8.635109338954042,55.414235248311805,0,52.68,68.17664790153503,31.823352098464966,advisory,0.9732000000000001,0.9809911251068115,0.0
ff10387420552e04,waymo,63,3,0,13.266838501730925,15.41958900180668,28.7534430785229,0,52.68,67.77538668394088,32.22461331605912,advisory,0.9732000000000001,0.9933604598045349,0.0
e03cd186eaa8264,waymo,19,0,0,0.0006168206209021986,0.0015255900287366887,inf,0,54.13,73.2420067258676,26.757993274132403,silent,0.9587,0.8373211622238159,0.0
a5c442237e79e506,waymo,71,31,4,0.0006124669440749492,0.0015248965497659148,4.590955314710924,0,54.13,50.74489672378968,49.25510327621032,intervention,0.9587,0.9776912927627563,0.2818089370578152
8b60afa6f94474ce,waymo,70,1,0,6.615024912904548,10.920748927806029,15.729571384400403,0,54.26,81.53956607341766,18.46043392658234,silent,0.9574,0.5784552097320557,0.0
93692dfd0ae55d61,waymo,62,5,0,0.5427715726857274,4.439937555168099,42.31720815107895,0,53.9,68.21902735233307,31.78097264766693,advisory,0.9610000000000001,0.9921219348907471,0.0
29cd2aca8ae5e222,waymo,62,53,12,1.8989457449397047,2.8553900926988174,5.031144228640326,0,54.65,61.14788817431784,38.85211182568216,advisory,0.9535,0.8348628878593445,0.19377115427193486
bf4c00b4994308c3,waymo,51,1,0,6.394921186613628,11.982814965068197,46.47865104599289,0,54.26,70.28922326485316,29.710776735146837,advisory,0.9574,0.9309831857681274,0.0
e6621f8cf1e599f1,waymo,37,4,0,8.244773178142873,13.082820299438023,18.084980135903823,0,53.9,68.75356681545574,31.24643318454426,advisory,0.9610000000000001,0.9754349589347839,0.0
950e6d58e57ffb9f,waymo,25,0,2,0.16336476964898045,1.1566615394824142,20.6451306563384,0,53.83,68.63757851223151,31.362421487768486,advisory,0.9617,0.9783431887626648,0.0
c631ff85aa77ebf6,waymo,87,4,1,13.653502568578823,18.596906120254495,48.31153205608827,0,53.43,68.41428430497646,31.585715695023538,advisory,0.9657,0.9812275767326355,0.0
183215f21a599f3c,waymo,71,9,1,14.339423600090198,15.811239566707936,48.184651462453196,0,52.98,67.97300406813622,32.02699593186378,advisory,0.9702,0.9903214573860168,0.0
72329009b59f46d3,waymo,95,2,0,17.675889310039526,20.225414762482195,33.41332280212986,0,54.41,69.97379579146703,30.026204208532974,advisory,0.9559,0.9423434734344482,0.0
c8141ae187217d46,waymo,26,7,1,2.9831908511146987,5.045807923426087,2.784009759430206,0,52.98,38.08736559118117,61.91263440881883,intervention,0.9702,0.8853121399879456,0.514558438491167
2dbeb8e410ba738a,waymo,113,13,1,13.770466663608051,17.829217934941738,5.599630206158877,0,52.98,63.53976241412164,36.46023758587836,advisory,0.9702,0.975263237953186,0.07607026082981337
6f20fc084d0a0905,waymo,29,2,0,0.9058063884265684,3.4510869339734507,49.73737239712777,0,54.41,70.67193129579226,29.328068704207737,advisory,0.9559,0.9204331636428833,0.0
bf4eac66619c5361,waymo,35,0,2,7.75242909990726,9.066969207791875,61.41980095174941,0,53.83,70.99670059800147,29.003299401998532,advisory,0.9617,0.9047509431838989,0.0
81ea4bf2b5c0d9df,waymo,36,3,0,0.000696875981291536,0.0016330993926337138,27.506297125804117,0,52.68,68.57999351263047,31.420006487369534,advisory,0.9732000000000001,0.9685575366020203,0.0
3164481f36e9470e,waymo,28,0,0,8.071077798486924,10.065844902482295,inf,0,54.13,69.49593246757983,30.504067532420166,advisory,0.9587,0.954544723033905,0.0
8fe5b513bb8db558,waymo,21,0,1,6.903438891836833,10.581614514744597,23.540028476670383,0,53.66,68.80530825813611,31.194691741863892,advisory,0.9634,0.9713937640190125,0.0
56d5910f551af2e0,waymo,36,0,0,6.560207002021622,13.021278365979311,inf,0,54.13,83.49389416853587,16.506105831464126,silent,0.9587,0.5165152549743652,0.0
a3abe4c4428934e7,waymo,34,10,3,1.3461916932693272,4.614579453096744,27.827956649576315,0,53.15,69.50754406352837,30.49245593647163,advisory,0.9685,0.9445262551307678,0.0
e3370a399d5e36bb,waymo,50,0,0,4.890585199462469,9.211335283469866,inf,0,54.13,72.5906244534254,27.409375546574594,advisory,0.9587,0.8577044606208801,0.0
32df8d0d45e5316b,waymo,55,6,1,0.0005855413894436137,0.0020061692585562887,38.076086504424765,0,52.98,68.23263442635536,31.76736557364464,advisory,0.9702,0.9822933077812195,0.0
9d79c94d87d1dfac,waymo,51,3,0,0.26351482696922657,2.591798973783112,29.983013935859148,0,52.68,67.76182072401046,32.23817927598954,advisory,0.9732000000000001,0.993778645992279,0.0
1f801f88ea437192,waymo,12,1,0,1.7482415110877978,3.6709245871330047,41.13225845716313,0,54.26,75.02497959891954,24.975020401080457,advisory,0.9574,0.7825888991355896,0.0
ed69edb6e7dd6d3a,waymo,84,0,0,15.505067098066853,16.670787001703143,inf,0,54.13,68.1178934844335,31.882106515566505,advisory,0.9587,0.9976668357849121,0.0
72cbe0396d0c66a3,waymo,57,12,9,0.001550166209222381,0.02024148688430878,5.484999836739896,0,54.65,63.256611300731215,36.743388699268785,advisory,0.9535,0.9912583231925964,0.08240002612161662
bcf061ce265c93bd,waymo,42,0,1,0.0006252499743891433,0.0015001832826492792,49.41840754648068,0,53.66,68.82718263665835,31.17281736334165,advisory,0.9634,0.9707126021385193,0.0
de0e76120fbdaceb,waymo,30,0,0,4.740711248745148,9.47858924928171,inf,0,54.13,68.3293339129289,31.670666087071098,advisory,0.9587,0.9910503625869751,0.0
557a21b779b91b06,waymo,26,0,4,2.4853976585796858,6.942572496541143,26.66711126404165,0,54.38,68.45928342501323,31.540716574986774,advisory,0.9561999999999999,0.9895644187927246,0.0
5be578ca8889a615,waymo,84,31,12,0.09468603940885115,0.6515978872632582,4.088177434199615,0,54.65,59.35853050463018,40.64146949536982,intervention,0.9535,0.5139747858047485,0.382364513160077
436760ae48488a68,waymo,59,9,2,5.704852535475146,6.6201501638290825,3.602553450698275,0,53.15,44.55308836102656,55.44691163897344,intervention,0.9685,0.7585302591323853,0.479489309860345
1cef9d9269a0e2af,waymo,20,91,16,0.0006273319824357085,0.001366504516891049,3.418016435975939,0,54.65,37.31511599036478,62.68488400963522,emergency,0.9535,0.9394630193710327,0.5163967128048121
4952b5e24d0b5097,waymo,12,2,1,1.5865370514618937,4.522136197135016,14.729378237735482,0,53.51,79.90688670297463,20.09311329702537,silent,0.9649000000000001,0.624721109867096,0.0
235ae3e9c6e7b472,waymo,60,0,0,6.205203025888033,7.814348100008575,inf,0,54.13,68.92098844528198,31.079011554718022,advisory,0.9587,0.9725360870361328,0.0
4b303295e2a90e4e,waymo,82,3,1,3.2583334582399877,4.887416806730878,51.15903599763284,0,52.21,72.67574374139309,27.32425625860691,advisory,0.9779,0.8382530808448792,0.0
df7b043ae064049a,waymo,88,0,2,0.5912398525192332,2.1437174919156208,9.615349996756773,0,53.83,68.26553527593613,31.73446472406387,advisory,0.9617,0.9899489879608154,0.0
f5ce8eaa5d508a55,waymo,75,2,1,11.954956726595153,14.593088536690702,25.10762449311814,0,53.51,68.13142600893973,31.868573991060273,advisory,0.9649000000000001,0.9908355474472046,0.0
d3d6a67b3a7ce103,waymo,85,41,1,6.3239550013618775,6.826749072303064,3.7804296361405405,0,52.98,42.42447574752932,57.57552425247068,intervention,0.9702,0.9146867990493774,0.4328162209525946
a92eb3edcb77986f,waymo,99,8,7,0.23526048350575635,1.5364113393573118,5.9487467263332645,0,54.65,67.97158498842538,32.02841501157462,advisory,0.9535,0.9969478249549866,0.0053815937350072274
61ce520980e251b8,waymo,94,18,2,1.5929734163511478,3.788403495057908,9.87895976695696,0,53.15,70.66168771584829,29.338312284151712,advisory,0.9685,0.908775806427002,0.0
c0ff0b3e7fac786f,waymo,64,1,0,4.829785156112075,13.410590921918986,61.812676965973026,0,54.26,72.02072519262632,27.979274807373685,advisory,0.9574,0.8767268061637878,0.0
d54c4d9677678340,waymo,31,0,1,7.603671653463993,11.712732192645886,18.12915233217508,0,53.66,85.9899103709062,14.010089629093798,silent,0.9634,0.43627017736434937,0.0
d5f76ef896d1f3df,waymo,34,0,0,13.160099769809657,13.76331353805771,inf,0,54.13,69.88690087894598,30.11309912105402,advisory,0.9587,0.9423103928565979,0.0
d49610efb9be74d0,waymo,47,0,0,0.0007352836819723823,0.00306959667386633,inf,0,54.13,70.74798833827178,29.25201166172822,advisory,0.9587,0.9153649210929871,0.0
15ff443b8e811c07,waymo,101,2,0,15.291234503917824,17.509061134140726,36.01378331455772,0,54.41,68.62755357940992,31.37244642059008,advisory,0.9559,0.9845939874649048,0.0
eb01eaf334bc6d68,waymo,41,0,3,18.03670565232314,19.750545676354303,31.941984867486322,0,53.4,67.9539234995842,32.04607650041579,advisory,0.966,0.9952197670936584,0.0
c03fd3d7eed6515d,waymo,6,3,0,0.0008152711414367789,0.002796806065498684,2.1237276336698967,1,52.68,37.85255865863486,62.14744134136514,emergency,0.9732000000000001,0.36525681614875793,0.7752544732660207
27609a9cb91b1886,waymo,74,4,0,1.0222251807325424,2.9640081453491915,21.43085427680205,0,53.9,68.15752956668535,31.842470433314645,advisory,0.9610000000000001,0.9940417408943176,0.0
22391e17bf76cf0,waymo,39,1,0,0.009600659377425838,0.06401696601804782,45.326634393869305,0,54.26,70.34151046832402,29.658489531675983,advisory,0.9574,0.9293447732925415,0.0
4e0b0d6931cbc1f4,waymo,16,1,1,20.244681975934558,20.296421818557505,9.512969883569578,0,53.79,68.52214140474797,31.47785859525203,advisory,0.9621,0.9815359711647034,0.0
792a0e054c4f287f,waymo,21,0,2,0.3112908013091561,1.9143998565919487,16.831190488135164,0,53.83,68.18801138063272,31.811988619367284,advisory,0.9617,0.9923673272132874,0.0
24df760c72a84288,waymo,97,10,1,3.9484378977041237,6.648715620413936,24.861701186935576,0,52.98,71.23025572180748,28.76974427819252,advisory,0.9702,0.8896024823188782,0.0
20591e4c9b3ea136,waymo,9,1,1,0.02190632770054301,0.5854537880503601,23.4467076317002,0,53.79,91.28694531142712,8.713054688572882,silent,0.9621,0.27168864011764526,0.0
e0c2ca2b26f1eaa,waymo,55,0,1,0.000536232006064388,0.001565181811494394,60.40708452794159,0,53.66,68.56367179115612,31.436328208843875,advisory,0.9634,0.9789182543754578,0.0
9c91c1375f2aceff,waymo,122,4,0,17.35524731027832,18.096320569120806,30.7949974168052,0,53.9,68.06911015113195,31.93088984886805,advisory,0.9610000000000001,0.9968019723892212,0.0
78a415dcc9af404e,waymo,114,13,0,11.466792434940794,13.176979109931967,41.634975851779274,0,53.45,67.97878018418947,32.021219815810525,advisory,0.9655,0.9949628114700317,0.0
91bde4889458f7c7,waymo,38,0,0,6.8200376243507,11.147037494518166,inf,0,54.13,68.26304235001406,31.73695764998594,advisory,0.9587,0.993124783039093,0.0
aee334679ce18f05,waymo,62,7,0,18.958676970402614,19.27708550026269,34.22663445741169,0,53.45,68.07803179224332,31.921968207756677,advisory,0.9655,0.991878867149353,0.0
343a76a6b890e30c,waymo,84,9,2,8.071806287383655,9.35480584687007,60.45624688414973,0,53.15,68.73763197859128,31.26236802140872,advisory,0.9685,0.9683748483657837,0.0
7f200bc263093b19,waymo,125,2,0,6.384965700614526,14.726420305013052,71.58164704251111,0,54.41,70.31858084162077,29.681419158379228,advisory,0.9559,0.9315227270126343,0.0
29149e563bc7f85,waymo,17,1,0,7.052810459966002,11.729637429711115,35.774296062529295,0,54.26,73.46964834014575,26.530351659854247,advisory,0.9574,0.8313249945640564,0.0
6bd10325f68a1ced,waymo,44,2,1,0.0006460023094130361,0.0019933469340879975,29.831699491695293,0,53.51,71.82488590657711,28.17511409342289,advisory,0.9649000000000001,0.8760010600090027,0.0
4ee99609e5dc08cb,waymo,40,4,3,7.28923581787874,7.726515923936182,45.30902624839856,0,53.6,93.94605078101158,6.053949218988421,silent,0.964,0.18840090930461884,0.0
96043d9ac0b0ca08,waymo,89,8,2,10.584037323660054,16.0443811666338,28.510090389175154,0,53.15,68.4792820463578,31.520717953642205,advisory,0.9685,0.9763774275779724,0.0
d852d932d16fda96,waymo,29,0,0,0.0006366558670259636,0.0014530564826667892,inf,0,54.13,81.67897239526113,18.321027604738873,silent,0.9587,0.5733084678649902,0.0
970519a200ab63f9,waymo,118,5,1,10.82215231410287,13.168024517182204,49.25421273722512,0,53.43,69.48616853237152,30.513831467628478,advisory,0.9657,0.9479289054870605,0.0
225c5f10b1809087,waymo,42,22,2,9.00005696362525,10.650898972219307,3.646497908281028,0,53.15,39.66758729477363,60.33241270522637,intervention,0.9685,0.9745100736618042,0.4471653974266047
38c3ea25581a3d3c,waymo,112,13,2,1.682184174057456,3.9553416096495853,6.435605294779181,0,53.15,69.13725359042485,30.862746409575152,advisory,0.9685,0.9559962749481201,0.0
6f36945784b4da70,waymo,59,21,0,4.517399092179368,6.4397262637611945,60.91965874537125,0,53.45,80.81431120038033,19.18568879961967,silent,0.9655,0.5961374044418335,0.0
94606f5988cbc426,waymo,61,6,0,4.554455759455343,9.612945337358392,45.017530390649334,0,53.45,83.16289122104645,16.83710877895355,silent,0.9655,0.5231623649597168,0.0
5fe47c474d826287,waymo,4,0,1,0.9124953114869614,4.272474023563097,19.98432105525572,0,53.66,92.9798864030838,7.020113596916204,silent,0.9634,0.21860432624816895,0.0
95b45496aa3a9311,waymo,88,4,3,4.491168083515262,13.162784748210973,47.96636464558456,0,53.6,68.47368523279826,31.52631476720174,advisory,0.964,0.9811093807220459,0.0
3c1ceba1e447adb6,waymo,32,5,1,0.0006662434558827175,0.0026059860523193236,5.845492308027947,0,53.43,70.83178439670839,29.168215603291614,advisory,0.9657,0.8736799955368042,0.01622330765706554
a3258e120feb7cb3,waymo,23,1,0,0.0005915165118916964,0.0015613449291254123,inf,0,54.26,68.21122730930647,31.788772690693534,advisory,0.9574,0.9960969090461731,0.0
3b7946966feb4ca5,waymo,1,3,1,5.168797673037709,8.41304785486516,5.027647124338601,0,52.21,75.30296016252964,24.697039837470356,advisory,0.9779,0.37843775749206543,0.18960881075397287
7da862cde3e86a36,waymo,57,6,2,1.9438210372365217,4.593484311106204,1.6196000302093965,1,53.15,24.452547965965408,75.54745203403459,emergency,0.9685,0.9822139143943787,0.6789619953175436
c8a125c47438064e,waymo,43,0,0,0.000748251861416549,0.0023422098594007004,inf,0,54.13,79.62068631927173,20.379313680728274,silent,0.9587,0.6377171277999878,0.0
5d6483a2ef59dce2,waymo,44,3,2,11.687995524572813,15.804717283926092,35.57734493827229,0,52.38,67.68925887227059,32.310741127729415,advisory,0.9762,0.9929545521736145,0.0
224ec46034104f25,waymo,51,8,0,1.7109637234771118,4.139913422033374,60.772260323336496,0,53.45,70.5138741950194,29.486125804980603,advisory,0.9655,0.9161924123764038,0.0
ef2c1c5154f1fe1f,waymo,41,10,1,0.03293081699875635,0.24215944659213076,34.072765700031226,0,52.98,69.95029289841652,30.04970710158348,advisory,0.9702,0.9291808009147644,0.0
e224c3ebce40ac2f,waymo,53,1,0,5.725606114845056,8.677164767941163,47.28174648689209,0,54.26,68.44469933589299,31.55530066410701,advisory,0.9574,0.9887810945510864,0.0
fa2346fff6396eae,waymo,125,2,0,4.340403077747546,9.775765065636078,58.097787606144216,0,54.41,70.40738945742449,29.592610542575514,advisory,0.9559,0.9287355542182922,0.0
3f5b9a396323a855,waymo,58,8,1,0.0006531060874734807,0.0019298293228418159,48.1776632703029,0,52.98,68.10421869516372,31.895781304836277,advisory,0.9702,0.9862641096115112,0.0
d1d419000f835217,waymo,70,6,4,0.6646416193063177,3.2690327691164938,26.12337721008893,0,54.13,70.94589731077353,29.054102689226468,advisory,0.9587,0.9091718792915344,0.0
7fa508d2dd19dfd0,waymo,34,0,3,2.516221435245398,3.362380903632046,3.010448760162297,0,53.4,32.015935373755376,67.98406462624462,emergency,0.966,0.9154858589172363,0.5979102479675407
85ead8a2d5d043ac,waymo,32,0,0,7.102001481357258,13.116039660846527,inf,0,54.13,68.4038159686327,31.5961840313673,advisory,0.9587,0.988719642162323,0.0
4ca4a163910e2d72,waymo,31,0,1,0.6212792310122697,2.1519542558446285,4.862994858040992,0,53.66,57.1415337306002,42.8584662693998,intervention,0.9634,0.8911683559417725,0.22171600268200664
dde0a60f55b9c1ed,waymo,98,0,2,12.169632186936209,12.831555239698154,34.91974375597708,0,53.83,68.15325718124707,31.84674281875293,advisory,0.9617,0.9934514760971069,0.0
230fee8590dc93f2,waymo,45,6,1,5.851495195943892,6.520746386746585,3.1759118330767535,0,52.98,32.884349816190564,67.11565018380944,emergency,0.9702,0.9456785917282104,0.5648176333846493
46ef4e7b21fa75cc,waymo,2,0,0,20.159572038223143,20.2113735583812,inf,0,54.13,68.59701636016369,31.402983639836307,advisory,0.9587,0.9826739430427551,0.0
c17adb08cb6a441c,waymo,36,1,0,6.905583315489148,10.350294006055018,38.001288937607676,0,54.26,70.18558473189671,29.81441526810329,advisory,0.9574,0.9342306852340698,0.0
299e0f6c95ecbd53,waymo,10,0,0,2.12946541010822,3.604325313914264,inf,0,54.13,74.74149547894797,25.258504521052032,silent,0.9587,0.7903985977172852,0.0
59b84237e5a9ac4e,waymo,89,27,8,5.646267146935855,6.315078200748198,5.954257465752108,0,54.65,68.33325242777354,31.666747572226456,advisory,0.9535,0.986725926399231,0.004802966096028648
f105f54f9b78c047,waymo,89,0,0,0.000574568676573607,0.0016355204718280715,inf,0,54.13,68.90313507576784,31.096864924232165,advisory,0.9587,0.9730947613716125,0.0
f5c82914894f124a,waymo,93,3,3,3.755953520272875,10.834262652346277,26.005461916341712,0,52.38,67.87707763671875,32.12292236328125,advisory,0.9762,0.9871826171875,0.0
2597e11f6b20dcaf,waymo,25,4,1,2.1670561519691116,5.824129191905875,37.38983374522611,0,53.43,74.08236628770828,25.917633712291718,advisory,0.9657,0.8051455020904541,0.0
8d18e4fa079708bb,waymo,5,0,0,3.5668295856610377,4.887040245107913,inf,0,54.13,93.4666472359995,6.533352764000497,silent,0.9587,0.20444412529468536,0.0
5dc5b1dd608d1fa,waymo,35,0,0,11.892476895018648,14.784970570226356,inf,0,54.13,70.46600871920586,29.53399128079414,advisory,0.9587,0.9241887331008911,0.0
37bd048ada0bfb1d,waymo,107,18,2,1.9150315543565763,3.8876075540777086,13.602111149608382,0,53.15,68.79579780300458,31.204202196995425,advisory,0.9685,0.9665731191635132,0.0
9f9a4bfc99a45bfe,waymo,39,5,0,0.0005384631347700285,0.0015104951055353838,11.744781083832137,0,53.9,69.27469701568285,30.725302984317153,advisory,0.9610000000000001,0.9591665863990784,0.0
28195cd3eeda0440,waymo,110,8,1,10.476378440533077,14.972972178696237,20.212977123337566,0,52.98,68.24380880594254,31.756191194057465,advisory,0.9702,0.9819477796554565,0.0
c0fe43a274ad29,waymo,35,0,2,0.0006762761307806519,0.0018010625404359312,65.49014500474581,0,53.83,76.35433681984742,23.64566318015258,advisory,0.9617,0.7376207709312439,0.0
64dbee60264d7fc6,waymo,34,5,4,0.012701240664635417,0.45131908829994966,35.944474406319756,0,54.58,79.36431950648625,20.635680493513746,silent,0.9541999999999999,0.6487847566604614,0.0
776a6b19b32f984f,waymo,54,0,0,19.644845414300633,20.028189221908463,inf,0,54.13,68.87141310671964,31.128586893280357,advisory,0.9587,0.9740874171257019,0.0
9722058f8bd53ac2,waymo,30,0,0,0.41093193275559825,2.2334920569768966,inf,0,54.13,71.67099973261357,28.329000267386434,advisory,0.9587,0.8864817023277283,0.0
2e25e5a41a0df126,waymo,5,0,0,5.3662021321213755,13.250063568696325,inf,0,54.13,74.24620304663976,25.753796953360236,silent,0.9587,0.8058974742889404,0.0
957c1d9be5873b42,waymo,20,0,0,2.4743361367416887,5.823908869730728,inf,0,54.13,68.51502190828323,31.48497809171677,advisory,0.9587,0.9852397441864014,0.0
45aca58dfcee6281,waymo,16,4,0,1.4256087558253325,4.798722775895859,73.75287763024679,0,53.9,85.8624230047067,14.137576995293301,silent,0.9610000000000001,0.44133955240249634,0.0
f8e4e4d9b0ac56fa,waymo,21,0,1,0.0006752306286938693,0.001810106686223475,39.46752498931458,0,53.66,68.16837489724159,31.83162510275841,advisory,0.9634,0.9912276864051819,0.0
6c8deaf33f7ea2a,waymo,8,2,0,0.05234876110684293,0.8813523771151197,70.99120067071868,0,54.41,77.77928893983363,22.220711060166366,advisory,0.9559,0.6973755955696106,0.0
3d2c3751686f2983,waymo,15,27,7,0.0006164731033026296,0.0015961086534517028,18.06850128525104,0,54.65,71.39147710998853,28.60852289001147,advisory,0.9535,0.9001108407974243,0.0
832d68571a25849d,waymo,123,2,2,11.146939986603407,13.105284582638056,22.05905855812688,0,53.68,68.0741958173116,31.925804182688395,advisory,0.9632000000000001,0.9943668246269226,0.0
9055cac6a4b5ce9b,waymo,116,3,2,14.244703609041947,19.644776527666334,55.572858754514385,0,52.38,67.57840668082238,32.42159331917762,advisory,0.9762,0.9963611960411072,0.0
f1efdea98039820e,waymo,101,22,4,1.169088438335095,2.01740614769777,4.158846162888934,0,54.13,56.17139138919065,43.82860861080935,intervention,0.9587,0.6534512639045715,0.3590249982366579
f18e9c8669fb746e,waymo,29,4,0,0.0007408487291634062,0.0017700965345479518,29.454677545435302,0,53.9,79.19359732468922,20.80640267531078,advisory,0.9610000000000001,0.6495234966278076,0.0
7c3ef9d47961f3e3,waymo,96,17,3,3.5093281325496757,11.756988259020893,36.43680600816528,0,53.15,68.32077113091945,31.679228869080546,advisory,0.9685,0.98128741979599,0.0
8fa09f913636679b,waymo,65,1,1,0.0006968775839677155,0.002127123709915791,26.164534393697966,0,53.79,68.00577269077301,31.994227309226986,advisory,0.9621,0.9976372718811035,0.0
c496e048d415a2e7,waymo,104,3,0,18.3064101680716,20.19715519657536,62.823274268194595,0,52.68,68.25989602565765,31.740103974342347,advisory,0.9732000000000001,0.9784249067306519,0.0
5b144bc0ea5d64b1,waymo,33,3,2,0.0007714732391813026,0.0023116229771973557,58.11179554402509,0,52.38,78.23109203338623,21.768907966613767,silent,0.9762,0.6689891815185547,0.0
a5434074d5223ad9,waymo,63,5,2,1.7070649777684987,3.2169067431859926,45.860265708888,0,53.6,67.95622015794119,32.04377984205881,advisory,0.964,0.9972130656242371,0.0
3e215b2c6b8c7e68,waymo,31,0,3,0.0005575902859503883,0.0011425899537678204,16.32315360743112,0,53.4,68.07768567800522,31.922314321994776,advisory,0.966,0.9913762211799622,0.0
84f4e2b78710c645,waymo,92,8,3,4.331550490184412,5.047205076267608,58.107704197847205,0,53.15,68.03033070464929,31.969669295350712,advisory,0.9685,0.9902840256690979,0.0
a8724615eb234bcc,waymo,92,32,3,4.12681167775786,4.739779614398645,3.439459822641939,0,53.15,45.48932673668483,54.51067326331517,intervention,0.9685,0.6898975372314453,0.4993053345848219
73dfa3cc094d76e6,waymo,92,8,1,0.0006651611972338932,0.0020511539409543474,46.95809322506162,0,52.98,68.29097752571106,31.709022474288943,advisory,0.9702,0.9804892539978027,0.0
36a0338e93599c36,waymo,87,5,0,2.897628212235942,9.700360049523512,5.606361305518351,0,53.9,63.42521119448731,36.57478880551269,advisory,0.9610000000000001,0.9882537126541138,0.0767595454239216
1c0f158da57cac6b,waymo,54,3,4,9.592543928884401,13.483521320907682,5.656026918665084,0,53.37,66.4924238034549,33.5075761965451,advisory,0.9663,0.9680505394935608,0.03611717354016617
ab77ab9c73b01ee8,waymo,21,43,26,0.7418311437300958,2.306251081991096,35.813999295423244,0,54.65,71.61277924080689,28.387220759193113,advisory,0.9535,0.8931480050086975,0.0
f474d68cd9e1cacf,waymo,30,1,0,15.054504681803971,17.793847156643306,67.33964232154409,0,54.26,69.58299601634343,30.41700398365657,advisory,0.9574,0.9531127214431763,0.0
18c6befb0691fa36,waymo,63,64,0,10.231991193273858,16.160659406943143,45.25085837343433,0,53.45,68.14999975860118,31.850000241398817,advisory,0.9655,0.9896426796913147,0.0
73322c196bd5c95f,waymo,78,11,1,0.13326130441960715,1.4997203852479888,64.45154678971838,0,52.98,68.52226809978485,31.477731900215147,advisory,0.9702,0.9733374118804932,0.0
9253faf6b402373a,waymo,62,2,0,0.4705087763307311,2.9679924584031014,68.08734697064656,0,54.41,68.34136842747529,31.658631572524712,advisory,0.9559,0.9935756325721741,0.0
fd1d18a6f2819730,waymo,29,1,1,4.187991663082439,4.475383867019187,19.92653010932891,0,53.79,70.88331326067447,29.11668673932553,advisory,0.9621,0.9079104065895081,0.0
6535e18db3cbe88,waymo,24,0,0,0.0010423919746905955,0.002565801872983903,inf,0,54.13,78.88764102419216,21.112358975807837,silent,0.9587,0.6606558561325073,0.0
841503bf38de596c,waymo,121,5,1,2.9696735171119064,5.228887530672031,5.9237369216706695,0,53.43,80.17527164469226,19.82472835530774,silent,0.9657,0.5853608250617981,0.01525261566586611
1643b5afdee108a6,waymo,63,4,3,0.004921807129206156,0.0854491425292235,19.48770401272462,0,53.6,71.81058081785838,28.18941918214162,advisory,0.964,0.8772640824317932,0.0
f14a06b3c23009e8,waymo,44,0,0,0.0005506718857230398,0.0014565910446069634,inf,0,54.13,75.03137225687504,24.968627743124955,silent,0.9587,0.7813276648521423,0.0
5ca47cc494eb658a,waymo,50,3,3,3.23066702566091,5.500102966711263,4.522341137067733,0,52.38,48.83939833062101,51.16060166937899,intervention,0.9762,0.9959503412246704,0.28814347827179204
da53ef2ac9858dc1,waymo,124,3,0,5.025528647913189,10.670745250856163,36.316783555637045,0,52.68,68.6189395737648,31.381060426235194,advisory,0.9732000000000001,0.9673569798469543,0.0
ebb70d9adc4eaf84,waymo,18,2,1,0.11211840058739916,1.8770311427660755,15.775976428573605,0,53.51,73.73203755219777,26.267962447802233,advisory,0.9649000000000001,0.8167052268981934,0.0
fee47a70c7b35dfe,waymo,40,5,4,0.6579044717643663,2.850090201234796,5.897347364431835,0,54.58,68.14632032970657,31.85367967029343,advisory,0.9541999999999999,0.9604170322418213,0.020530527113633033
f44e2937e4751ddb,waymo,49,1,2,0.0006818698868345803,0.001839680138878462,71.10980168525151,0,53.53,71.0892690829436,28.910730917056398,advisory,0.9647,0.8990586996078491,0.0
b5cb3d8899d9de61,waymo,48,2,0,10.728402500025114,17.499190725251836,59.51422147386104,0,54.41,71.29858461022377,28.70141538977623,advisory,0.9559,0.9007662534713745,0.0
dd5bb937753a00c,waymo,13,0,1,11.808077948299744,19.031212826241084,40.93717019275628,0,53.66,69.31871492862702,30.681285071372983,advisory,0.9634,0.9554064273834229,0.0
3d0c50614da0d746,waymo,29,0,1,15.667876406627663,15.750570310195158,49.920041173805146,0,53.66,70.33831975460052,29.66168024539948,advisory,0.9634,0.9236562252044678,0.0
7c90e292f9e3921f,waymo,114,5,0,8.731401351495869,9.345322903055756,51.35269044705079,0,53.9,68.38998733957608,31.61001266042392,advisory,0.9610000000000001,0.9867849946022034,0.0
41de798d4c33c417,waymo,40,1,0,5.972344425102006,12.317599179598693,66.51513196150171,0,54.26,69.63567697167396,30.36432302832604,advisory,0.9574,0.9514619708061218,0.0
125635eaf838cbf4,waymo,106,20,1,1.7401018194935012,2.2057674595643717,4.260794811249399,0,52.98,58.688798592819204,41.311201407180796,intervention,0.9702,0.6165046691894531,0.3304489858626142
f97dc96eec239312,waymo,75,3,1,0.2758410123292907,2.494157700714552,33.36184729281043,0,52.21,75.14545395274958,24.854546047250423,advisory,0.9779,0.7624873518943787,0.0
f9631b5941826969,waymo,32,6,2,5.3470108112987536,6.054918304515861,3.3858603412059964,0,53.15,46.6070460425378,53.3929539574622,intervention,0.9685,0.9480683207511902,0.3529088539371905
74393b5254d1775d,waymo,61,13,1,9.765453156924265,14.98843477263932,13.718186431576893,0,52.98,67.79045321941376,32.20954678058624,advisory,0.9702,0.9959661960601807,0.0
d1ba760bde3a845c,waymo,51,73,3,0.03589345975334879,0.27826939381212107,2.8099052169190086,2,53.15,40.22269150890357,59.77730849109643,emergency,0.9685,0.5756081938743591,0.6380189566161982
f56232a3e86ea498,waymo,26,1,0,6.782043092983003,12.580531833344416,68.16899587516521,0,54.26,77.15342905362446,22.846570946375536,silent,0.9574,0.7158942222595215,0.0
18b0551412e729be,waymo,57,5,6,10.23572875220201,17.242733879757274,3.364877609562497,0,55.1,36.041351503741566,63.958648496258434,emergency,0.9490000000000001,0.9678261280059814,0.5270244780875006
51eb50b3fdd2751e,waymo,96,5,3,0.0007080594996579797,0.001675260633198619,28.807089635473627,0,53.6,68.47482674916586,31.525173250834143,advisory,0.964,0.9810738563537598,0.0
dd42cbb48a1a6223,waymo,41,3,1,5.354495967281462,8.782224844669885,58.65169413440034,0,52.21,67.94956770618757,32.050432293812435,advisory,0.9779,0.9832426309585571,0.0
1e2ba71712cd2b44,waymo,74,3,0,14.431195535824804,21.77652429233506,55.65375577080025,0,52.68,72.38223856449126,27.61776143550874,advisory,0.9732000000000001,0.8513489961624146,0.0
685abaac09024d33,waymo,122,5,0,13.61190337563761,16.640291440820707,57.485517534822094,0,53.9,68.52321122090021,31.476788779099792,advisory,0.9610000000000001,0.9826260805130005,0.0
2734a0bafb479738,waymo,47,7,4,1.8342596083247573,2.8726838721425514,5.464190412247089,0,54.13,64.97774127387686,35.02225872612314,advisory,0.9587,0.9834096431732178,0.05626000671405565
a9342cb43d147e6b,waymo,30,0,1,0.0005138943863137989,0.0011464636135689787,57.92148521052373,0,53.66,68.47534355600675,31.52465644399325,advisory,0.9634,0.9816687703132629,0.0
d0c160f345aae20b,waymo,125,2,0,14.617022339474223,17.80519035804691,36.95188948615908,0,54.41,68.91744597494602,31.08255402505398,advisory,0.9559,0.9754959940910339,0.0
ff3dd355b8d478ef,waymo,78,19,7,4.485710085283097,7.982321802385486,4.093711984338672,0,54.65,62.92124121933264,37.07875878066736,advisory,0.9535,0.7662896513938904,0.20016024164443952
a3fc1acb6d5957af,waymo,42,2,1,0.0006794693197346676,0.001762732441473224,41.67787126242364,0,53.51,73.43705966234207,26.562940337657935,advisory,0.9649000000000001,0.8258764743804932,0.0
9ee3d47c2146d929,waymo,86,25,10,0.0008390433227192975,0.002253063812331839,24.769919743554343,0,54.65,68.43620129028956,31.56379870971044,advisory,0.9535,0.9930927753448486,0.0
1eb758c2fa3b40c5,waymo,120,0,0,9.172745516101937,11.248389645565961,inf,0,54.13,68.3241281880935,31.675871811906504,advisory,0.9587,0.9912132620811462,0.0
517f356176cabc05,waymo,83,3,0,3.291397350651571,7.82407963448528,58.26798156683599,0,52.68,67.82845944166182,32.17154055833818,advisory,0.9732000000000001,0.99172443151474,0.0
a8528e913dbea422,waymo,80,0,0,7.785751680081307,9.97891187150253,inf,0,54.13,74.51445692360402,25.485543076395984,silent,0.9587,0.7975031733512878,0.0
99158cd81e06196b,waymo,116,8,3,3.921419052154013,4.552573014954535,4.462806464984373,0,53.15,60.846303158052976,39.153696841947024,advisory,0.9685,0.6133090853691101,0.29975273932804725
b33b3840ae03b687,waymo,25,1,0,14.303607702843252,18.478362930227185,31.67616681762212,0,54.26,70.10504630804061,29.894953691959387,advisory,0.9574,0.9367543458938599,0.0
9413350f0d3903e5,waymo,113,14,0,1.1824835891027212,2.7647744189050947,3.187759542121071,0,53.45,50.649659004410495,49.350340995589505,intervention,0.9655,0.4085167944431305,0.5624480915757858
641250a0821152,waymo,91,4,1,0.000583786929261818,0.001754951460597665,24.03291610753461,0,53.43,72.4784051144123,27.521594885587703,advisory,0.9657,0.8549734354019165,0.0
792ec965d5597293,waymo,47,1,0,6.5379910676160335,12.92436068137171,60.438407787913114,0,54.26,69.13025936722755,30.869740632772448,advisory,0.9574,0.9672991633415222,0.0
29a83bd8b849f819,waymo,57,2,0,7.453389747327305,8.788144513551924,32.8424078026091,0,54.41,68.3256563238303,31.6743436761697,advisory,0.9559,0.9940687417984009,0.0
af520e9216bbe575,waymo,37,0,1,15.599896357650737,17.441107903736686,13.013667541290564,0,53.66,70.94446475545566,29.055535244544345,advisory,0.9634,0.9047810435295105,0.0
da0a7f08f4f71419,waymo,22,1,0,4.035831510465614,4.400178017982515,57.45275146390171,0,54.26,68.51554613788922,31.484453862110783,advisory,0.9574,0.986561119556427,0.0
a63dae86b8efdeeb,waymo,44,2,0,0.6318797444726278,1.4661424348794314,52.25242730158075,0,54.41,71.63875079949698,28.361249200503025,advisory,0.9559,0.8900904655456543,0.0
66da080ed2639ca9,waymo,23,2,0,4.345838868164276,9.951646632783397,60.50818507356044,0,54.41,68.93128356556097,31.068716434439025,advisory,0.9559,0.9750617146492004,0.0
f14ea608956a8e97,waymo,34,0,5,4.857358866670566,14.516845327322482,40.87941541886622,0,54.38,70.47970795551936,29.52029204448064,advisory,0.9561999999999999,0.9261752367019653,0.0
f445cb876402f3a4,waymo,56,3,2,13.73119209003176,17.444281740927902,35.47195082121292,0,52.38,68.0162877714634,31.983712228536604,advisory,0.9762,0.9829044938087463,0.0
a1ea7e7662190dbb,waymo,39,3,0,12.663794533016489,13.136909527821608,43.45212209548484,0,52.68,70.16242136001587,29.83757863998413,advisory,0.9732000000000001,0.9197773933410645,0.0
5b0285b3d5b0c364,waymo,26,1,0,3.1004769093017326,4.669026308902398,4.823522095195969,0,54.26,74.24692103323416,25.75307896676584,advisory,0.9574,0.3363780975341797,0.23529558096080622
7564597bae861990,waymo,6,0,1,17.8103279674555,17.982785838982547,34.175570503730135,0,53.66,71.711771556139,28.288228443861,advisory,0.9634,0.8808873295783997,0.0
3966b320577bf060,waymo,44,2,0,11.472355907656185,15.681248478577658,48.79776266215666,0,54.41,70.3443663161993,29.6556336838007,advisory,0.9559,0.9307134747505188,0.0
785cf97d726c0fc9,waymo,84,2,1,3.0933703614305808,8.466283344539482,22.288162109793152,0,53.51,68.0941157190005,31.9058842809995,advisory,0.9649000000000001,0.9919955730438232,0.0
baeb49940b86702d,waymo,69,6,3,9.63115878232532,15.007460208554596,40.3568084626827,0,53.15,68.05138762593269,31.94861237406731,advisory,0.9685,0.9896317720413208,0.0
e60769b5e45df36,waymo,53,5,1,0.8867349665065114,3.673968526346703,56.48505116154782,0,53.43,72.98628950595855,27.013710494041447,advisory,0.9657,0.839195728302002,0.0
dacdcc3006b194fb,waymo,21,3,0,4.407005362412546,12.931643765779206,45.657769380632416,0,52.68,72.27631927728653,27.723680722713468,advisory,0.9732000000000001,0.8546140789985657,0.0
dec74a9aa13071a4,waymo,19,0,0,1.917064491964993,6.16439833637657,inf,0,54.13,70.26346164206664,29.736538357933355,advisory,0.9587,0.9305269122123718,0.0
38e9cd24ea9fc902,waymo,30,0,0,16.028951501622803,17.716642493043096,inf,0,54.13,76.36090828458468,23.63909171541532,silent,0.9587,0.7397233247756958,0.0
cca30bb945d7d86f,waymo,92,4,0,17.12591035621326,20.124128737874297,41.17663245567633,0,53.9,68.99094494581222,31.009055054187783,advisory,0.9610000000000001,0.9680246114730835,0.0
182178f3d3683ef6,waymo,11,1,0,20.107618063720547,20.205005801489005,65.95834962821212,0,54.26,69.76638166507085,30.233618334929147,advisory,0.9574,0.9473663568496704,0.0
e892d4c5afd681d0,waymo,7,0,0,20.152566838674822,20.215290151004208,inf,0,54.13,69.05760776976744,30.942392230232556,advisory,0.9587,0.9682609438896179,0.0
59833d3b32b5e23b,waymo,24,3,0,13.44064770769073,23.031276383685473,28.963590106427358,0,52.68,71.46366104364394,28.53633895635606,advisory,0.9732000000000001,0.879665195941925,0.0
